week,weekly_hours_viewed,hours_sma_4w,wow_pct_change
2021-07-04,181910000,,
2021-07-11,141690000,,-22.10983453356056
2021-07-18,159190000,,12.350906909450199
2021-07-25,132230000,153755000.0,-16.935737169420197
2021-08-01,136760000,142467500.0,3.425848899644568
2021-08-08,136380000,141140000.0,-0.27785902310617505
2021-08-15,129020000,133597500.0,-5.3966857310456025
2021-08-22,126270000,132107500.0,-2.1314524879863628
2021-08-29,100390000,123015000.0,-20.495763047438032
2021-09-05,314200000,167470000.0,212.97938041637613
2021-09-12,266470000,201832500.0,-15.190961171228512
2021-09-19,206960000,222005000.0,-22.33272038128119
2021-09-26,575950000,340895000.0,178.29049091611907
2021-10-03,754510000,450972500.0,31.002691205833834
2021-10-10,592120000,532385000.0,-21.522577566897727
2021-10-17,484110000,601672500.0,-18.241234884820646
2021-10-24,365010000,548937500.0,-24.601846687736263
2021-10-31,244110000,421337500.0,-33.122380208761406
2021-11-07,174900000,317032500.0,-28.351972471426812
2021-11-14,133910000,229482500.0,-23.436249285305887
2021-11-21,189200000,185530000.0,41.28892539765514
2021-11-28,240640000,184662500.0,27.18816067653278
2021-12-05,379480000,235807500.0,57.696143617021264
2021-12-12,305700000,278755000.0,-19.442394856118895
2021-12-19,191280000,279275000.0,-37.428851815505396
2021-12-26,177440000,263475000.0,-7.235466332078633
2022-01-02,228740000,225790000.0,28.911181244364293
2022-01-09,267840000,216325000.0,17.093643437964513
2022-01-16,250440000,231115000.0,-6.496415770609321
2022-01-23,222770000,242447500.0,-11.048554544002553
2022-01-30,349350000,272600000.0,56.82093639179422
2022-02-06,478020000,325145000.0,36.83125805066552
2022-02-13,314560000,341175000.0,-34.195221957240285
2022-02-20,239250000,345295000.0,-23.941378433367245
2022-02-27,173640000,301367500.0,-27.42319749216301
2022-03-06,183340000,227697500.0,5.586270444598029
2022-03-13,165420000,190412500.0,-9.774190029453479
2022-03-20,149490000,167972500.0,-9.630032644178455
2022-03-27,154730000,163245000.0,3.505251187370395
2022-04-03,144320000,153490000.0,-6.727848510308276
2022-04-10,184110000,158162500.0,27.57067627494456
2022-04-17,180750000,165977500.0,-1.8249959263483828
2022-04-24,219170000,182087500.0,21.255878284923924
2022-05-01,207930000,197990000.0,-5.128439111192229
2022-05-08,168120000,193992500.0,-19.14586639734526
2022-05-15,187910000,195782500.0,11.77135379490839
2022-05-22,184440000,187100000.0,-1.8466287052312236
2022-05-29,194010000,183620000.0,5.188679245283012
2022-06-05,137310000,175917500.0,-29.225297665068805
2022-06-12,138010000,163442500.0,0.5097953535794897
2022-06-19,122730000,148015000.0,-11.071661473806248
2022-06-26,131750000,132450000.0,7.349466308156116
2022-07-03,137600000,132522500.0,4.440227703984823
2022-07-10,130920000,130750000.0,-4.854651162790702
2022-07-17,182730000,145750000.0,39.57378551787352
2022-07-24,220980000,168057500.0,20.9325233951732
2022-07-31,230710000,191335000.0,4.403113403927961
2022-08-07,214910000,212332500.0,-6.848424428936761
2022-08-14,189990000,214147500.0,-11.595551626262157
2022-08-21,211920000,211882500.0,11.542712774356545
2022-08-28,225610000,210607500.0,6.459984899962246
2022-09-04,200390000,206977500.0,-11.178582509640533
2022-09-11,180140000,204515000.0,-10.105294675383004
2022-09-18,231210000,209337500.0,28.350172088375714
2022-09-25,173810000,196387500.0,-24.825915834090218
2022-10-02,176830000,190497500.0,1.7375294862205903
2022-10-09,195820000,194417500.0,10.739127976022168
2022-10-16,142390000,172212500.0,-27.285261975283426
2022-10-23,137270000,163077500.0,-3.595758129082094
2022-10-30,157560000,158260000.0,14.781088365994034
2022-11-06,163120000,150085000.0,3.5288144199035365
2022-11-13,128340000,146572500.0,-21.32172633643943
2022-11-20,139190000,147052500.0,8.45410628019323
2022-11-27,155890000,146635000.0,11.997988361232848
2022-12-04,151930000,143837500.0,-2.5402527423183052
2022-12-11,148890000,148975000.0,-2.000921476995987
2022-12-18,149210000,151480000.0,0.21492376922560563
2022-12-25,191030000,160265000.0,28.02761209034248
2023-01-01,246210000,183835000.0,28.88551536407895
2023-01-08,350030000,234120000.0,42.16725559481744
2023-01-15,232370000,254910000.0,-33.614261634717025
2023-01-22,200290000,257225000.0,-13.805568705082417
2023-01-29,265070000,261940000.0,32.343102501373
2023-02-05,201050000,224695000.0,-24.152110763194624
2023-02-12,172890000,209825000.0,-14.00646605322059
2023-02-19,212640000,212912500.0,22.99149748394933
2023-02-26,235500000,205520000.0,10.750564334085787
2023-03-05,198350000,204845000.0,-15.774946921443734
2023-03-12,280870000,231840000.0,41.6032266196118
2023-03-19,236850000,237892500.0,-15.67273115676292
2023-03-26,180440000,224127500.0,-23.81676166350011
2023-04-02,136040000,208550000.0,-24.606517401906448
2023-04-09,107900000,165307500.0,-20.685092619817702
2023-04-16,92840000,129305000.0,-13.957367933271547
2023-04-23,191610000,132097500.0,106.38733304610084
2023-04-30,234670000,156755000.0,22.472731068315845
2023-05-07,165610000,171182500.0,-29.428559253419696
2023-05-14,140020000,182977500.0,-15.451965461022887
2023-05-21,160460000,175190000.0,14.59791458363091
2023-05-28,153650000,154935000.0,-4.244048360962238
2023-06-04,212260000,166597500.0,38.14513504718515
2023-06-11,219420000,186447500.0,3.373221520776415
2023-06-18,222100000,201857500.0,1.2214018776775193
2023-06-25,210000000,215945000.0,-5.447996398018907
2023-07-02,181600000,208280000.0,-13.523809523809527
2023-07-09,200100000,203450000.0,10.187224669603534
2023-07-16,171000000,190675000.0,-14.542728635682156
2023-07-23,171500000,181050000.0,0.29239766081872176
2023-07-30,201800000,186100000.0,17.66763848396502
2023-08-06,187800000,183025000.0,-6.937561942517345
2023-08-13,144300000,176350000.0,-23.162939297124595
2023-08-20,128500000,165600000.0,-10.949410949410954
2023-08-27,180600000,160300000.0,40.54474708171205
2023-09-03,168600000,155500000.0,-6.644518272425248
2023-09-10,178600000,164075000.0,5.9311981020166105
2023-09-17,225200000,188250000.0,26.091825307950735
2023-09-24,177700000,187525000.0,-21.092362344582593
2023-10-01,143400000,181225000.0,-19.302194710185706
2023-10-08,163900000,177550000.0,14.295676429567639
2023-10-15,221500000,176625000.0,35.143380109823056
2023-10-22,229200000,189500000.0,3.4762979683973017
2023-10-29,201400000,204000000.0,-12.129144851657935
2023-11-05,147600000,199925000.0,-26.713008937437934
2023-11-12,167000000,186300000.0,13.143631436314362
2023-11-19,167300000,170825000.0,0.1796407185628679
2023-11-26,172100000,163500000.0,2.869097429766887
2023-12-03,189600000,174000000.0,10.168506682161539
2023-12-10,185800000,178700000.0,-2.0042194092827037
2023-12-17,219900000,191850000.0,18.353067814854683
2023-12-24,202800000,199525000.0,-7.7762619372442
2023-12-31,295200000,225925000.0,45.5621301775148
2024-01-07,346100000,266000000.0,17.242547425474264
2024-01-14,240700000,271200000.0,-30.453626119618605
2024-01-21,181200000,265800000.0,-24.719567926879936
2024-01-28,134500000,225625000.0,-25.772626931567334
2024-02-04,103300000,164925000.0,-23.197026022304833
2024-02-11,98500000,129375000.0,-4.646660212971931
2024-02-18,166600000,125725000.0,69.13705583756344
2024-02-25,146500000,128725000.0,-12.064825930372148
2024-03-03,143800000,138850000.0,-1.8430034129692796
2024-03-10,172600000,157375000.0,20.0278164116829
2024-03-17,186100000,162250000.0,7.821552723059089
2024-03-24,183900000,171600000.0,-1.182160128962928
2024-03-31,155600000,174550000.0,-15.388798259923874
2024-04-07,185900000,177875000.0,19.473007712082268
2024-04-14,225400000,187700000.0,21.247982786444332
2024-04-21,192700000,189900000.0,-14.507542147293695
2024-04-28,200500000,201125000.0,4.047742605085625
2024-05-05,240300000,214725000.0,19.850374064837894
2024-05-12,168600000,200525000.0,-29.83770287141073
2024-05-19,143900000,188325000.0,-14.650059311981023
2024-05-26,127700000,170125000.0,-11.257817929117442
2024-06-02,123600000,140950000.0,-3.210649960845735
2024-06-09,165700000,140225000.0,34.06148867313916
2024-06-16,145700000,140675000.0,-12.070006035003022
2024-06-23,107300000,135575000.0,-26.355525051475638
2024-06-30,105000000,130925000.0,-2.143522833178002
2024-07-07,111300000,117325000.0,6.000000000000005
2024-07-14,148700000,118075000.0,33.602875112309086
2024-07-21,176100000,135275000.0,18.426361802286472
2024-07-28,183600000,154925000.0,4.258943781942071
2024-08-04,125500000,158475000.0,-31.644880174291934
2024-08-11,94100000,144825000.0,-25.0199203187251
2024-08-18,79500000,120675000.0,-15.515409139213599
2024-08-25,170000000,117275000.0,113.83647798742138
2024-09-01,215500000,139775000.0,26.764705882352935
2024-09-08,177800000,160700000.0,-17.494199535962874
2024-09-15,122300000,171400000.0,-31.214848143982
2024-09-22,138000000,163400000.0,12.837285363859351
2024-09-29,161200000,149825000.0,16.81159420289855
2024-10-06,159200000,145175000.0,-1.2406947890818865
2024-10-13,185300000,160925000.0,16.394472361809044
2024-10-20,164600000,167575000.0,-11.171073934160825
2024-10-27,106300000,153850000.0,-35.41919805589308
2024-11-03,104700000,140225000.0,-1.5051740357478804
2024-11-10,101800000,119350000.0,-2.769818529130852
2024-11-17,184100000,124225000.0,80.84479371316307
2024-11-24,200200000,147700000.0,8.745247148288971
2024-12-01,194500000,170150000.0,-2.847152847152845
2024-12-08,173400000,188050000.0,-10.848329048843187
2024-12-15,173600000,185425000.0,0.11534025374855261
2024-12-22,223900000,191350000.0,28.97465437788018
2024-12-29,697000000,316975000.0,211.29968736042875
2025-01-05,661200000,438925000.0,-5.13629842180775
2025-01-12,431600000,503425000.0,-34.72474289171203
2025-01-19,279100000,517225000.0,-35.333642261353106
2025-01-26,198800000,392675000.0,-28.77104980293802
2025-02-02,216400000,281475000.0,8.853118712273634
2025-02-09,222800000,229275000.0,2.957486136783727
2025-02-16,212800000,212700000.0,-4.4883303411131115
2025-02-23,163500000,203875000.0,-23.16729323308271
2025-03-02,96500000,173900000.0,-40.978593272171246
2025-03-09,177500000,162575000.0,83.9378238341969
2025-03-16,183900000,155350000.0,3.60563380281691
2025-03-23,150800000,152175000.0,-17.99891245241979
2025-03-30,239000000,187800000.0,58.48806366047745
2025-04-06,262400000,209025000.0,9.790794979079486
2025-04-13,180500000,208175000.0,-31.21189024390244
2025-04-20,205400000,221825000.0,13.795013850415504
2025-04-27,201600000,212475000.0,-1.850048685491723
2025-05-04,210300000,199450000.0,4.315476190476186
2025-05-11,177600000,198725000.0,-15.549215406562055
2025-05-18,199100000,197150000.0,12.105855855855863
2025-05-25,210600000,199400000.0,5.775991963837268
2025-06-01,125900000,178300000.0,-40.218423551756885
2025-06-08,164000000,174900000.0,30.26211278792692
2025-06-15,156900000,164350000.0,-4.329268292682931
2025-06-22,160800000,151900000.0,2.48565965583174
2025-06-29,545900000,256900000.0,239.49004975124376
2025-07-06,437200000,325200000.0,-19.912071808023445
2025-07-13,247000000,347725000.0,-43.50411710887465
2025-07-20,143700000,343450000.0,-41.82186234817814
2025-07-27,125000000,238225000.0,-13.013221990257485
2025-08-03,167500000,170800000.0,34.00000000000001
2025-08-10,159600000,148950000.0,-4.716417910447756
2025-08-17,174000000,156525000.0,9.022556390977442
2025-08-24,165400000,166625000.0,-4.9425287356321785
2025-08-31,169400000,167100000.0,2.41837968561065
2025-09-07,165500000,168575000.0,-2.3022432113341207
2025-09-14,170400000,167675000.0,2.960725075528692
2025-09-21,198200000,175875000.0,16.314553990610325
2025-09-28,323200000,214325000.0,63.06760847628659
2025-10-05,320900000,253175000.0,-0.71163366336634
2025-10-12,289200000,282875000.0,-9.878466812090991
2025-10-19,218000000,287825000.0,-24.619640387275243
2025-10-26,162400000,247625000.0,-25.5045871559633
2025-11-02,196600000,216550000.0,21.059113300492616
2025-11-09,194700000,192925000.0,-0.9664292980671396
2025-11-16,215000000,192175000.0,10.426296866974827
2025-11-23,206000000,203075000.0,-4.1860465116279055
2025-11-30,134800000,187625000.0,-34.56310679611651
2025-12-07,120000000,168950000.0,-10.979228486646885
2025-12-14,210900000,167925000.0,75.75
2025-12-21,197900000,165900000.0,-6.1640587956377395
2025-12-28,192800000,180400000.0,-2.577059120768066
2026-01-04,168900000,192625000.0,-12.396265560165975
2026-01-11,134300000,173475000.0,-20.48549437537004
2026-01-18,185200000,170300000.0,37.90022338049144
2026-01-25,225400000,178450000.0,21.706263498920087
2026-02-01,142600000,171875000.0,-36.73469387755102
2026-02-08,150600000,175950000.0,5.610098176718092
2026-02-15,205300000,180975000.0,36.32138114209826
2026-02-22,190100000,172150000.0,-7.403799318071114
2026-03-01,124600000,167650000.0,-34.45554971067859
2026-03-08,113100000,158275000.0,-9.22953451043339
2026-03-15,136600000,141100000.0,20.778072502210442
2026-03-22,147100000,130350000.0,7.686676427525629
2026-03-29,175000000,142950000.0,18.96668932698844
2026-04-05,202800000,165375000.0,15.88571428571428
2026-04-12,181400000,176575000.0,-10.552268244575934
2026-04-19,166500000,181425000.0,-8.213891951488428
2026-04-26,123900000,168650000.0,-25.58558558558559
2026-05-03,156700000,157125000.0,26.472962066182415
2026-05-10,128300000,143850000.0,-18.123803446075303
2026-05-17,194500000,150850000.0,51.59781761496494
2026-05-24,246500000,181500000.0,26.735218508997427
2026-05-31,175900000,186300000.0,-28.640973630831645
2026-06-07,211800000,207175000.0,20.409323479249576
2026-06-14,409300000,260875000.0,93.24834749763929
2026-06-21,387000000,296000000.0,-5.448326410945514
2026-06-28,270800000,319725000.0,-30.02583979328165
2026-07-05,223200000,322575000.0,-17.577548005908415
2026-07-12,222100000,275775000.0,-0.49283154121864126
2026-07-19,215900000,233000000.0,-2.791535344439444
2026-07-26,315800000,244250000.0,46.271421954608606
2026-08-02,244800000,249650000.0,-22.482583913869536
2026-08-09,188700000,241300000.0,-22.916666666666664
2026-08-16,218900000,242050000.0,16.004239533651287
2026-08-23,198400000,212700000.0,-9.365006852444036
2026-08-30,168600000,193650000.0,-15.020161290322577
2026-09-06,183700000,192400000.0,8.956109134045075
2026-09-13,172900000,180900000.0,-5.879150789330434
2026-09-20,204900000,182525000.0,18.507807981492185
2026-09-27,233000000,198625000.0,13.714006832601267
