show_title,max_weeks_in_top10,total_hours_viewed,peak_hours,first_week,last_week,lifecycle_group
1992,3,31000000,16200000,2024-12-15,2024-12-29,Short-run (<=4w)
42 Days of Darkness,1,9920000,9920000,2022-05-15,2022-05-15,Short-run (<=4w)
50 Seconds: The Fernando Báez Sosa Case,2,15200000,9500000,2025-11-16,2025-11-23,Short-run (<=4w)
6ixtynin9 The Series,1,6500000,6500000,2023-09-10,2023-09-10,Short-run (<=4w)
900 Days Without Anabel,1,5700000,5700000,2024-11-24,2024-11-24,Short-run (<=4w)
A Body that Works,2,23200000,15500000,2024-07-07,2024-07-14,Short-run (<=4w)
"A Friend, a Murderer",3,17600000,7500000,2026-03-08,2026-03-22,Short-run (<=4w)
A Killer Paradox,4,85300000,39500000,2024-02-11,2024-03-03,Short-run (<=4w)
A Model Family,3,34960000,19770000,2022-08-14,2022-08-28,Short-run (<=4w)
A Nearly Normal Family,4,113400000,47700000,2023-11-26,2023-12-17,Short-run (<=4w)
A Perfect Story,5,69500000,24900000,2023-07-30,2023-08-27,Mid-run (5-7w)
A Storm for Christmas,2,25970000,13640000,2022-12-18,2022-12-25,Short-run (<=4w)
A Time Called You,4,85700000,36500000,2023-09-10,2023-10-01,Short-run (<=4w)
A Tragedy Foretold: Flight 3054,2,12400000,9000000,2025-04-27,2025-05-04,Short-run (<=4w)
A Virtuous Business,3,27000000,13300000,2024-10-20,2024-11-17,Short-run (<=4w)
Adoration,2,26200000,14500000,2024-11-24,2024-12-01,Short-run (<=4w)
Aema,1,6700000,6700000,2025-08-31,2025-08-31,Short-run (<=4w)
Agency,2,16700000,9600000,2023-06-04,2023-06-11,Short-run (<=4w)
Agent Kim Reactivated,8,365200000,80300000,2026-06-28,2026-08-16,Long-run (>=8w)
Agent from Above,1,8100000,8100000,2026-04-05,2026-04-05,Short-run (<=4w)
AlRawabi School for Girls,3,73890000,18070000,2021-08-15,2024-03-03,Short-run (<=4w)
Alba,6,148610000,57740000,2022-07-17,2022-08-21,Mid-run (5-7w)
Alchemy of Souls,21,419030000,28590000,2022-07-03,2023-04-23,Long-run (>=8w)
Alice in Borderland,11,554140000,74300000,2021-09-26,2025-10-26,Long-run (>=8w)
All of Us Are Dead,11,659510000,236230000,2022-01-30,2022-04-10,Long-run (>=8w)
All the Truth in My Lies,1,5800000,5800000,2026-09-06,2026-09-06,Short-run (<=4w)
Alpha Males,4,142460000,19090000,2023-01-08,2026-05-03,Short-run (<=4w)
Amsterdam Empire,2,26900000,13800000,2025-11-02,2025-11-09,Short-run (<=4w)
"Angi: Fake Life, True Crime",1,3400000,3400000,2025-08-03,2025-08-03,Short-run (<=4w)
Aniela,1,7400000,7400000,2025-06-15,2025-06-15,Short-run (<=4w)
Another Self,7,218520000,31200000,2022-07-31,2026-07-05,Mid-run (5-7w)
Anthracite,4,65200000,25400000,2024-04-14,2024-05-05,Short-run (<=4w)
Aranyak,1,10360000,10360000,2021-12-19,2021-12-19,Short-run (<=4w)
As You Stood By,5,133100000,65000000,2025-11-09,2025-12-07,Mid-run (5-7w)
As the Crow Flies,2,48850000,18310000,2022-06-12,2024-04-21,Short-run (<=4w)
Asaf,1,10600000,10600000,2024-12-08,2024-12-08,Short-run (<=4w)
Ashes to Crown,1,11500000,11500000,2026-06-07,2026-06-07,Short-run (<=4w)
Asterix & Obelix: The Big Fight,3,36300000,17500000,2025-05-04,2025-05-18,Short-run (<=4w)
Attack on Titan,1,4700000,4700000,2023-11-12,2023-11-12,Short-run (<=4w)
BAKI-DOU: The Invincible Samurai,4,55800000,18500000,2026-03-01,2026-06-28,Short-run (<=4w)
"BASTARD‼ -Heavy Metal, Dark Fantasy-",2,18280000,9320000,2022-07-03,2022-07-10,Short-run (<=4w)
BTS THE COMEBACK LIVE | ARIRANG,3,19300000,14400000,2026-03-22,2026-04-05,Short-run (<=4w)
Baby Bandito,3,36700000,17000000,2024-02-04,2024-02-18,Short-run (<=4w)
Baby Fever,1,9500000,5100000,2024-09-01,2024-09-01,Short-run (<=4w)
Back to 15,2,44860000,18060000,2022-03-06,2024-09-01,Short-run (<=4w)
Backstreet Rookie,1,10130000,10130000,2022-07-24,2022-07-24,Short-run (<=4w)
Bad Boy,1,9100000,9100000,2025-05-11,2025-05-11,Short-run (<=4w)
Badly in Love,6,127100000,23900000,2025-12-14,2026-09-13,Mid-run (5-7w)
Baki Hanma,6,151450000,33000000,2021-10-03,2023-09-03,Mid-run (5-7w)
Bandi,3,71400000,40500000,2026-04-12,2026-04-26,Short-run (<=4w)
Bandidos,4,71200000,27800000,2024-03-17,2024-04-07,Short-run (<=4w)
Bank Under Siege,2,24600000,15000000,2024-11-10,2024-11-17,Short-run (<=4w)
Barbarians,3,65620000,21220000,2022-10-23,2022-11-06,Short-run (<=4w)
Behind Your Touch,4,46000000,15700000,2023-08-20,2023-10-01,Short-run (<=4w)
Berlin and the Jewels of Paris,8,357500000,146400000,2023-12-31,2026-05-24,Long-run (>=8w)
Berlin and the Lady with an Ermine,5,190700000,76300000,2026-05-17,2026-06-14,Mid-run (5-7w)
Better Late Than Single,2,25200000,10800000,2025-07-13,2026-07-12,Short-run (<=4w)
Between Father and Son,2,20300000,14200000,2026-05-17,2026-05-24,Short-run (<=4w)
Between Lands,3,47300000,20100000,2024-03-31,2024-04-14,Short-run (<=4w)
Beyond Goodbye,2,21600000,13000000,2024-11-17,2024-11-24,Short-run (<=4w)
Beyond the Bar,7,202000000,42700000,2025-08-03,2025-09-14,Mid-run (5-7w)
Billionaire Island,2,9000000,4500000,2024-09-15,2024-09-22,Short-run (<=4w)
Billionaires' Bunker,4,152000000,75600000,2025-09-21,2025-10-12,Short-run (<=4w)
Biohackers,1,7500000,7500000,2021-07-18,2021-07-18,Short-run (<=4w)
Black Knight,3,79400000,35110000,2023-05-14,2023-05-28,Short-run (<=4w)
Black Warrant,1,12600000,12600000,2025-01-19,2025-01-19,Short-run (<=4w)
Blood Coast,3,78700000,29400000,2023-12-10,2025-12-21,Short-run (<=4w)
Blood Legacy,1,9000000,9000000,2024-09-29,2024-09-29,Short-run (<=4w)
Blood Sacrifice,4,85300000,37900000,2026-08-23,2026-09-13,Short-run (<=4w)
Blood Ties,1,11660000,11660000,2022-12-25,2022-12-25,Short-run (<=4w)
Bloodhounds,8,353170000,65900000,2023-06-11,2026-05-03,Long-run (>=8w)
"Bon Appétit, Your Majesty",10,511900000,94600000,2025-08-24,2025-10-26,Long-run (>=8w)
Boruto: Naruto Next Generations,1,14360000,14360000,2022-02-06,2022-02-06,Short-run (<=4w)
Boyfriend on Demand,4,111600000,47800000,2026-03-08,2026-03-29,Short-run (<=4w)
Brazil '70: The Third Star,1,7200000,7200000,2026-06-07,2026-06-07,Short-run (<=4w)
Breathless,5,133800000,41100000,2024-09-01,2025-11-09,Mid-run (5-7w)
Brigands: The Quest for Gold,2,19300000,13700000,2024-04-28,2024-05-05,Short-run (<=4w)
Burn the House Down,3,52100000,22500000,2023-07-16,2023-07-30,Short-run (<=4w)
Burning Body,5,118000000,43900000,2023-09-10,2023-10-08,Mid-run (5-7w)
Business Proposal,13,279110000,41460000,2022-03-13,2022-06-05,Long-run (>=8w)
CMXXIV,1,3900000,3900000,2026-01-04,2026-01-04,Short-run (<=4w)
Café con aroma de mujer,28,813480000,98850000,2022-01-02,2022-11-27,Long-run (>=8w)
Can This Love Be Translated?,5,271000000,118000000,2026-01-18,2026-03-01,Mid-run (5-7w)
Capitani,1,9480000,9480000,2022-07-17,2022-07-17,Short-run (<=4w)
Captivating the King,4,44100000,15800000,2024-01-28,2024-02-18,Short-run (<=4w)
Carinha de Anjo,15,180950000,14090000,2021-10-10,2022-01-30,Long-run (>=8w)
Carrossel,10,104700000,12730000,2021-07-11,2021-09-19,Long-run (>=8w)
Cash Queens,3,30200000,15500000,2026-02-08,2026-02-22,Short-run (<=4w)
Cashero,4,93800000,42600000,2025-12-28,2026-01-18,Short-run (<=4w)
Cassandra,6,161600000,50300000,2025-02-09,2025-03-16,Mid-run (5-7w)
Castaway Diva,6,85400000,18500000,2023-11-05,2023-12-10,Mid-run (5-7w)
Caught,3,75500000,42700000,2025-03-30,2025-04-13,Short-run (<=4w)
Caught in the Web: The Murders Behind Zona Divas,2,8800000,4600000,2024-09-08,2024-09-15,Short-run (<=4w)
Celebrity,4,113200000,49900000,2023-07-02,2023-07-23,Short-run (<=4w)
Chastity High,1,7000000,7000000,2024-09-08,2024-09-08,Short-run (<=4w)
Chicken Nugget,1,6600000,6600000,2024-03-24,2024-03-24,Short-run (<=4w)
Children of the Church Steps,1,6600000,6600000,2024-11-03,2024-11-03,Short-run (<=4w)
Chiquititas,10,67220000,7940000,2021-08-01,2023-05-28,Long-run (>=8w)
Christmas Flow,1,9720000,9720000,2021-11-21,2021-11-21,Short-run (<=4w)
Cigarette Girl,2,16800000,8600000,2023-11-12,2023-11-19,Short-run (<=4w)
City of Shadows,4,52300000,21700000,2025-12-14,2026-01-04,Short-run (<=4w)
Clark,1,10480000,10480000,2022-05-15,2022-05-15,Short-run (<=4w)
Class,1,9910000,9910000,2023-02-12,2023-02-12,Short-run (<=4w)
Class Act,3,23400000,9300000,2023-09-17,2023-10-01,Short-run (<=4w)
Close to Home: Murder in the Coalfield,2,18800000,11540000,2023-03-26,2023-04-02,Short-run (<=4w)
"Cocaine Air: Smugglers at 30,000 Ft.",2,12600000,9200000,2025-06-15,2025-06-22,Short-run (<=4w)
Control Z,3,89830000,25430000,2021-08-08,2022-07-17,Short-run (<=4w)
Cooking Up Murder: Uncovering the Story of César Román,2,12600000,7100000,2024-05-12,2024-05-19,Short-run (<=4w)
Copycat Killer,2,25960000,17740000,2023-04-09,2023-04-16,Short-run (<=4w)
Cracow Monsters,1,13260000,13260000,2022-03-27,2022-03-27,Short-run (<=4w)
Crash Course in Romance,11,183450000,25970000,2023-02-05,2023-04-16,Long-run (>=8w)
Creature,2,20600000,12100000,2023-10-22,2023-10-29,Short-run (<=4w)
Crime Scene Berlin: Nightlife Killer,2,5800000,3200000,2024-04-07,2024-04-14,Short-run (<=4w)
Crime Scene Zero,1,5900000,5900000,2025-09-28,2025-09-28,Short-run (<=4w)
Criminal Code,6,191300000,50800000,2023-11-19,2025-06-22,Mid-run (5-7w)
Crooks,4,87400000,35400000,2024-04-07,2024-04-28,Short-run (<=4w)
Culinary Class Wars,6,354700000,46100000,2024-09-22,2026-01-18,Mid-run (5-7w)
Cyberpunk: Edgerunners,4,47750000,14880000,2022-09-18,2022-10-09,Short-run (<=4w)
D.P.,3,64100000,19170000,2021-08-29,2023-08-13,Short-run (<=4w)
DAN DA DAN,12,159200000,10400000,2024-10-13,2025-09-21,Long-run (>=8w)
DELETE,2,19400000,12200000,2023-07-02,2023-07-09,Short-run (<=4w)
DI4RIES,1,4800000,4800000,2023-10-15,2023-10-15,Short-run (<=4w)
DOC,1,14500000,14500000,2026-03-08,2026-03-08,Short-run (<=4w)
Dabba Cartel,3,33100000,15600000,2025-03-02,2025-03-16,Short-run (<=4w)
Daily Dose of Sunshine,2,59900000,36400000,2023-11-12,2023-11-19,Short-run (<=4w)
Dark Desire,5,202940000,49590000,2022-02-06,2022-03-06,Mid-run (5-7w)
Daughter From Another Mother,3,72870000,24000000,2021-12-26,2023-01-01,Short-run (<=4w)
Dear Child,9,238300000,74000000,2023-09-10,2024-08-18,Long-run (>=8w)
Dear Hongrang,3,79900000,39400000,2025-05-18,2025-06-01,Short-run (<=4w)
Deceitful Love,4,111800000,46400000,2024-10-13,2024-11-03,Short-run (<=4w)
Delhi Crime,3,28500000,12000000,2025-11-16,2025-11-30,Short-run (<=4w)
Delicious in Dungeon,5,11900000,2800000,2024-01-14,2024-02-11,Mid-run (5-7w)
Delirium,2,20200000,12300000,2025-07-20,2025-07-27,Short-run (<=4w)
Deliver Me,2,18200000,9800000,2024-04-28,2024-05-05,Short-run (<=4w)
Demon Slayer: Kimetsu no Yaiba,10,89900000,10300000,2021-11-07,2024-11-10,Long-run (>=8w)
Desi Bling,2,18900000,10400000,2026-05-24,2026-05-31,Short-run (<=4w)
Desperate Lies,6,224500000,78500000,2024-07-07,2024-08-11,Mid-run (5-7w)
Destined with You,8,146000000,28900000,2023-08-27,2023-10-15,Long-run (>=8w)
Detective Forst,3,47400000,20500000,2024-01-14,2024-01-28,Short-run (<=4w)
Detective Hole,4,122100000,51300000,2026-03-29,2026-04-19,Short-run (<=4w)
"Devotion, a Story of Love and Desire",2,29300000,18880000,2022-02-20,2022-02-27,Short-run (<=4w)
Diary of a Ditched Girl,1,4500000,4500000,2025-09-14,2025-09-14,Short-run (<=4w)
Diary of a Gigolo,5,97710000,34410000,2022-09-11,2022-10-09,Mid-run (5-7w)
Divorce Attorney Shin,3,27190000,10390000,2023-04-02,2023-04-16,Short-run (<=4w)
Doctor Cha,7,150910000,29350000,2023-04-30,2023-06-11,Mid-run (5-7w)
Doctor Slump,9,154300000,26300000,2024-01-28,2024-03-24,Long-run (>=8w)
Dog Days Out,3,16800000,7000000,2025-02-16,2025-03-02,Short-run (<=4w)
Don't Hate the Player,1,3000000,3000000,2024-04-21,2024-04-21,Short-run (<=4w)
Don’t Come Home,2,26100000,13100000,2024-11-03,2024-11-10,Short-run (<=4w)
Doom at Your Service,1,25000000,25000000,2023-07-09,2023-07-09,Short-run (<=4w)
Doona!,3,66000000,31800000,2023-10-22,2023-11-05,Short-run (<=4w)
Dr.STONE,1,3200000,3200000,2024-05-19,2024-05-19,Short-run (<=4w)
Dragon Ball DAIMA,3,7700000,3000000,2024-10-27,2024-11-10,Short-run (<=4w)
Dubai Bling,4,92240000,20790000,2022-10-30,2025-01-12,Short-run (<=4w)
Dynamite Kiss,9,314600000,50800000,2025-11-16,2026-01-11,Long-run (>=8w)
EDENS ZERO,1,7470000,7470000,2021-11-28,2021-11-28,Short-run (<=4w)
"El Rey, Vicente Fernández",5,100030000,33340000,2022-09-18,2022-10-16,Mid-run (5-7w)
El marginal,2,45700000,21730000,2022-01-23,2022-05-08,Short-run (<=4w)
Elite,5,567770000,67390000,2021-07-04,2024-08-25,Mid-run (5-7w)
Elite Force,4,103000000,49600000,2026-07-26,2026-08-16,Short-run (<=4w)
Elize Matsunaga: Once Upon a Crime,3,29310000,12510000,2021-07-11,2026-08-02,Short-run (<=4w)
Elves,2,24600000,17940000,2021-11-28,2021-12-05,Short-run (<=4w)
Entrapped,1,7900000,7900000,2022-09-11,2022-09-11,Short-run (<=4w)
Envious,4,125000000,17400000,2024-09-22,2026-05-10,Short-run (<=4w)
Eva Lasting,1,20390000,12890000,2023-02-26,2024-07-21,Short-run (<=4w)
Eve,1,22100000,22100000,2024-07-28,2024-07-28,Short-run (<=4w)
Extraordinary Attorney Woo,21,662090000,77430000,2022-07-10,2022-12-04,Long-run (>=8w)
Fake Profile,8,402040000,76310000,2023-06-04,2026-05-03,Long-run (>=8w)
Family Secrets,2,17360000,10250000,2022-09-04,2022-09-11,Short-run (<=4w)
Fauda,2,58760000,19210000,2023-01-22,2026-09-20,Short-run (<=4w)
Feria: The Darkest Light,1,15960000,15960000,2022-02-06,2022-02-06,Short-run (<=4w)
Ferry: The Series,2,28800000,18700000,2023-11-05,2023-11-12,Short-run (<=4w)
Fiasco,1,6000000,6000000,2024-05-05,2024-05-05,Short-run (<=4w)
Final Draft,2,14700000,7600000,2025-08-17,2025-08-24,Short-run (<=4w)
Finding Ola,1,4600000,4600000,2024-10-06,2024-10-06,Short-run (<=4w)
First Love,3,28580000,12300000,2022-11-27,2022-12-11,Short-run (<=4w)
Fishbowl Wives,2,27020000,15940000,2022-02-20,2022-02-27,Short-run (<=4w)
Flunked,3,31200000,16500000,2026-04-26,2026-05-10,Short-run (<=4w)
Forecasting Love and Weather,8,100850000,15020000,2022-02-27,2022-04-17,Long-run (>=8w)
"Four Hands, Two Sonatas",3,29500000,11800000,2026-09-06,2026-09-20,Short-run (<=4w)
Franco Escamilla: Ladies' man,2,4300000,2300000,2024-05-26,2024-06-02,Short-run (<=4w)
Franklin,2,15700000,9500000,2025-05-18,2025-05-25,Short-run (<=4w)
Frankly Speaking,2,6400000,3900000,2024-05-05,2024-05-12,Short-run (<=4w)
Friendly Rivalry,1,9200000,9200000,2025-04-13,2025-04-13,Short-run (<=4w)
Frieren: Beyond Journey's End,3,3800000,1400000,2026-01-25,2026-02-08,Short-run (<=4w)
From Me to You: Kimi ni Todoke,2,13330000,6730000,2023-04-02,2023-04-09,Short-run (<=4w)
From Rock Star to Killer,2,7000000,4000000,2025-03-30,2025-04-06,Short-run (<=4w)
Furies,6,126400000,47500000,2024-03-03,2026-03-29,Mid-run (5-7w)
Futuro desierto,1,6200000,6200000,2026-05-31,2026-05-31,Short-run (<=4w)
GOOD BOY,1,3900000,3900000,2025-06-08,2025-06-08,Short-run (<=4w)
Ganglands,4,94040000,27030000,2021-09-26,2023-02-26,Short-run (<=4w)
Gangs of Galicia,5,84100000,32300000,2024-06-23,2026-04-12,Mid-run (5-7w)
Gangs of Oslo,1,7700000,7700000,2023-09-17,2023-09-17,Short-run (<=4w)
Garouden: The Way of the Lone Wolf,2,8100000,4100000,2024-05-26,2024-06-02,Short-run (<=4w)
"Genie, Make a Wish",5,241900000,102600000,2025-10-05,2025-11-02,Mid-run (5-7w)
Ghost Doctor,2,17520000,9870000,2022-07-03,2022-07-10,Short-run (<=4w)
Girl From Nowhere The Reset,3,6800000,2900000,2026-03-08,2026-03-22,Short-run (<=4w)
Glass Heart,1,8600000,8600000,2025-08-10,2025-08-10,Short-run (<=4w)
Glitch,1,7440000,7440000,2022-10-16,2022-10-16,Short-run (<=4w)
Glory,1,12000000,12000000,2026-05-10,2026-05-10,Short-run (<=4w)
"Go Ahead, Brother",2,35000000,21100000,2024-11-03,2024-11-10,Short-run (<=4w)
Go!,1,4000000,4000000,2025-03-23,2025-03-23,Short-run (<=4w)
Gone for Good,2,24670000,14920000,2021-08-15,2021-08-22,Short-run (<=4w)
"Good Morning, Verônica",3,75520000,14790000,2022-08-07,2024-02-25,Short-run (<=4w)
Goodbye Earth,2,37900000,20200000,2024-04-28,2024-05-05,Short-run (<=4w)
Graveyard,2,24800000,9200000,2025-03-09,2026-09-06,Short-run (<=4w)
Guns & Gulaabs,2,21400000,13300000,2023-08-20,2023-08-27,Short-run (<=4w)
Gyeongseong Creature,5,204100000,48500000,2023-12-24,2024-10-20,Mid-run (5-7w)
Habeas Corpus,1,13700000,13700000,2026-09-27,2026-09-27,Short-run (<=4w)
Happiness,2,21760000,10940000,2022-04-17,2022-04-24,Short-run (<=4w)
Heavenly Ever After,5,80600000,19100000,2025-04-27,2025-06-01,Mid-run (5-7w)
Heeramandi: The Diamond Bazaar,4,90900000,33000000,2024-05-05,2024-05-26,Short-run (<=4w)
Heirs to the Land,2,30650000,18840000,2022-04-17,2022-04-24,Short-run (<=4w)
Hell's Paradise: Jigokuraku,1,5800000,4600000,2024-06-09,2026-02-01,Short-run (<=4w)
Hellbound,4,162850000,67520000,2021-11-21,2024-11-03,Short-run (<=4w)
Heweliusz,2,26700000,17100000,2025-11-09,2025-11-16,Short-run (<=4w)
Hierarchy,4,103400000,48000000,2024-06-09,2024-06-30,Short-run (<=4w)
High Heat,6,178860000,53390000,2022-08-21,2022-09-25,Mid-run (5-7w)
High Tides,3,57600000,19100000,2023-12-10,2026-04-12,Short-run (<=4w)
High Water,3,87170000,45840000,2022-10-09,2022-10-23,Short-run (<=4w)
Hold Tight,2,42440000,25120000,2022-04-24,2022-05-01,Short-run (<=4w)
Holy Family,2,34400000,18590000,2022-10-16,2023-11-26,Short-run (<=4w)
Home for Christmas,2,14900000,9000000,2025-12-14,2025-12-21,Short-run (<=4w)
Hometown Cha-Cha-Cha,16,300580000,37740000,2021-09-05,2021-12-19,Long-run (>=8w)
Hospital Playlist,7,72060000,13050000,2021-07-18,2021-09-19,Mid-run (5-7w)
Hot Skull,1,10910000,10910000,2022-12-11,2022-12-11,Short-run (<=4w)
Hotel Del Luna,1,9980000,9980000,2021-09-12,2021-09-12,Short-run (<=4w)
Hound's Hill,1,12900000,12900000,2025-01-12,2025-01-12,Short-run (<=4w)
House of Ninjas,4,84600000,32200000,2024-02-18,2024-03-10,Short-run (<=4w)
House of Secrets: The Burari Deaths,1,9220000,9220000,2021-10-17,2021-10-17,Short-run (<=4w)
How to Ruin Love,1,4900000,4900000,2024-06-09,2024-06-09,Short-run (<=4w)
How to Sell Drugs Online (Fast),2,38750000,16470000,2021-08-01,2025-04-20,Short-run (<=4w)
Human Vapor,3,50500000,24300000,2026-07-05,2026-07-19,Short-run (<=4w)
Hunter X Hunter (2011),1,9890000,9890000,2021-08-08,2021-08-08,Short-run (<=4w)
I Am Georgina,3,138040000,30630000,2022-01-30,2024-10-06,Short-run (<=4w)
I Am Not Mendoza,1,35200000,35200000,2025-04-27,2025-04-27,Short-run (<=4w)
I Hate Christmas,2,26020000,12830000,2022-12-11,2023-12-10,Short-run (<=4w)
I'm Not Afraid,2,32100000,18100000,2026-07-12,2026-07-19,Short-run (<=4w)
IC 814: The Kandahar Hijack,3,40100000,18300000,2024-09-01,2024-09-15,Short-run (<=4w)
Idol I,4,28300000,9700000,2025-12-28,2026-02-01,Short-run (<=4w)
If I Were Luísa Sonza,1,4000000,4000000,2023-12-17,2023-12-17,Short-run (<=4w)
If Only,3,32970000,14950000,2022-10-30,2022-11-13,Short-run (<=4w)
If Wishes Could Kill,5,100200000,44800000,2026-04-26,2026-05-24,Mid-run (5-7w)
In Love All Over Again,1,16160000,16160000,2023-02-19,2023-02-19,Short-run (<=4w)
In the Mud,4,139400000,39300000,2025-08-17,2026-03-01,Short-run (<=4w)
In the Name of God: A Holy Betrayal,2,24530000,16430000,2023-03-12,2023-03-19,Short-run (<=4w)
India’s Got Latent,3,7600000,3000000,2026-06-21,2026-07-05,Short-run (<=4w)
Infamy,2,14800000,7800000,2023-09-17,2023-09-24,Short-run (<=4w)
Intimacy,4,73470000,30210000,2022-06-12,2022-07-03,Short-run (<=4w)
Into the Night,1,10630000,10630000,2021-09-12,2021-09-12,Short-run (<=4w)
Invisible City,2,18980000,11130000,2023-03-26,2023-04-02,Short-run (<=4w)
Iron Reign,3,72700000,37100000,2024-03-17,2024-03-31,Short-run (<=4w)
Jae-seok's B&B Rules!,2,22800000,13200000,2026-05-31,2026-06-07,Short-run (<=4w)
Jaguar,1,11620000,11620000,2021-09-26,2021-09-26,Short-run (<=4w)
James.,1,2700000,2700000,2026-05-24,2026-05-24,Short-run (<=4w)
JoJo's Bizarre Adventure,2,22750000,13980000,2021-12-05,2022-12-04,Short-run (<=4w)
Joko Anwar's Nightmares and Daydreams,2,17700000,12900000,2024-06-16,2024-06-23,Short-run (<=4w)
José Totoy 3,2,3600000,2700000,2023-10-29,2026-07-19,Short-run (<=4w)
"Juan Gabriel: I Must, I Can, I Will",2,17300000,9900000,2025-11-02,2025-11-09,Short-run (<=4w)
Jujutsu Kaisen,6,45900000,9200000,2023-07-16,2026-07-26,Mid-run (5-7w)
Just Alice,1,13300000,13300000,2025-11-30,2025-11-30,Short-run (<=4w)
Just One Look,3,45300000,20100000,2025-03-09,2025-03-23,Short-run (<=4w)
Juvenile Justice,8,146560000,45930000,2022-02-27,2026-06-21,Long-run (>=8w)
KENGAN ASHURA,4,45000000,12000000,2023-09-24,2024-08-25,Short-run (<=4w)
Kaala Paani,2,22800000,11700000,2023-10-22,2023-10-29,Short-run (<=4w)
Kaiju No. 8,2,4500000,2600000,2024-05-19,2024-06-16,Short-run (<=4w)
Karma,3,54200000,25700000,2025-04-06,2025-04-20,Short-run (<=4w)
Katla,1,9190000,9190000,2021-07-04,2021-07-04,Short-run (<=4w)
Kaulitz & Kaulitz,1,5900000,5900000,2024-06-30,2024-06-30,Short-run (<=4w)
Khakee: The Bengal Chapter,2,17700000,9200000,2025-03-23,2025-03-30,Short-run (<=4w)
Khakee: The Bihar Chapter,2,17600000,11270000,2022-11-27,2022-12-04,Short-run (<=4w)
Kian’s Bizarre B&B,2,15200000,9000000,2025-04-13,2025-04-20,Short-run (<=4w)
King the Land,11,446900000,66400000,2023-06-18,2023-09-03,Long-run (>=8w)
Kitz,1,14650000,14650000,2022-01-09,2022-01-09,Short-run (<=4w)
Kleo,2,39430000,21570000,2022-08-28,2024-08-04,Short-run (<=4w)
Kohrra,2,25900000,11500000,2023-07-23,2026-02-22,Short-run (<=4w)
Kota Factory,2,10200000,5500000,2024-06-23,2024-06-30,Short-run (<=4w)
Kübra,2,23500000,13100000,2024-01-21,2024-01-28,Short-run (<=4w)
La Palma,7,202600000,75700000,2024-12-15,2025-06-29,Mid-run (5-7w)
La Reina del Sur,15,380170000,79250000,2023-01-01,2023-06-11,Long-run (>=8w)
Lady Voyeur,2,46820000,34370000,2023-01-08,2023-01-15,Short-run (<=4w)
Land of Sin,2,25800000,14400000,2026-01-04,2026-01-11,Short-run (<=4w)
Larva in Mars,1,1200000,1200000,2024-05-12,2024-05-12,Short-run (<=4w)
Last Samurai Standing,4,94000000,37200000,2025-11-16,2025-12-07,Short-run (<=4w)
Lead Children,3,53700000,24000000,2026-02-15,2026-03-01,Short-run (<=4w)
Let's Get Divorced,1,8500000,8500000,2023-07-02,2023-07-02,Short-run (<=4w)
Letters From The Past,2,22500000,12900000,2025-07-27,2025-08-03,Short-run (<=4w)
Lies Hidden in my Garden,2,6500000,4300000,2023-06-25,2023-07-02,Short-run (<=4w)
Lies and Deceit,2,30280000,20240000,2022-03-13,2022-03-20,Short-run (<=4w)
Little Women,11,163520000,24990000,2022-09-11,2022-11-20,Long-run (>=8w)
Lock Upp,2,34200000,20400000,2026-07-05,2026-07-12,Short-run (<=4w)
Lookism,2,18010000,9960000,2022-12-11,2022-12-18,Short-run (<=4w)
Losing Judgment,3,43900000,23500000,2026-06-14,2026-06-28,Short-run (<=4w)
Love 101,1,12600000,12600000,2021-10-03,2021-10-03,Short-run (<=4w)
Love After Music,1,6800000,6800000,2023-04-30,2023-04-30,Short-run (<=4w)
"Love Is Blind, Habibi",2,24000000,13300000,2024-10-13,2024-10-20,Short-run (<=4w)
Love Is Blind: Brazil,3,109390000,16290000,2021-10-17,2024-06-30,Short-run (<=4w)
Love Is Blind: Germany,1,4600000,4600000,2025-01-05,2025-01-05,Short-run (<=4w)
Love Is Blind: Italy,1,5400000,5400000,2025-12-07,2025-12-07,Short-run (<=4w)
Love Never Lies,1,8370000,8370000,2021-11-21,2021-11-21,Short-run (<=4w)
Love Never Lies: Destination Sardinia,1,5420000,5420000,2022-11-20,2022-11-20,Short-run (<=4w)
Love Never Lies: Poland,1,6000000,6000000,2025-03-02,2025-03-02,Short-run (<=4w)
Love Next Door,11,340200000,47300000,2024-08-18,2024-10-27,Long-run (>=8w)
Love from 9 to 5,2,23300000,12500000,2026-01-04,2026-01-11,Short-run (<=4w)
Love is Blind Brazil: After the Altar,1,2500000,2500000,2023-12-24,2023-12-24,Short-run (<=4w)
Love is Blind: France,2,14400000,8900000,2025-09-14,2025-09-21,Short-run (<=4w)
Love is Blind: Mexico,2,12000000,8800000,2024-08-04,2024-08-11,Short-run (<=4w)
Love is Blind: Sweden,2,17300000,12600000,2024-01-14,2024-01-21,Short-run (<=4w)
Love to Hate You,3,54210000,28570000,2023-02-12,2023-02-26,Short-run (<=4w)
Lovesick,2,33800000,17400000,2026-09-06,2026-09-13,Short-run (<=4w)
Ludik,1,9860000,9860000,2022-09-04,2022-09-04,Short-run (<=4w)
Luis Miguel - The Series,2,19710000,9990000,2021-10-31,2021-11-07,Short-run (<=4w)
Lupin,8,402940000,77900000,2021-07-04,2023-11-19,Long-run (>=8w)
Luz: The Light of the Heart,2,29200000,16300000,2024-02-18,2024-02-25,Short-run (<=4w)
Maamla Legal Hai,2,21200000,8500000,2024-03-03,2026-04-12,Short-run (<=4w)
Mad Unicorn,2,32600000,20900000,2025-06-01,2025-06-08,Short-run (<=4w)
Made with Love,2,19600000,11100000,2026-04-19,2026-04-26,Short-run (<=4w)
Maestro in Blue,2,26760000,13260000,2023-03-19,2024-05-26,Short-run (<=4w)
Magic and Muscles,1,6200000,6200000,2025-06-15,2025-06-15,Short-run (<=4w)
Maldivas,2,19760000,11300000,2022-06-19,2022-06-26,Short-run (<=4w)
Maledictions,2,5500000,2800000,2025-09-14,2025-09-21,Short-run (<=4w)
"Malverde, el santo patrón",5,53640000,12470000,2022-06-12,2022-07-10,Mid-run (5-7w)
Mandala Murders,3,29200000,13700000,2025-07-27,2025-08-10,Short-run (<=4w)
Marked,2,21500000,11500000,2025-08-03,2025-08-10,Short-run (<=4w)
Mask Girl,4,105600000,50800000,2023-08-20,2023-09-10,Short-run (<=4w)
Master of the House,3,63300000,28800000,2024-07-21,2024-08-04,Short-run (<=4w)
Medusa,4,128400000,51000000,2025-03-09,2025-03-30,Short-run (<=4w)
Melo Movie,2,46800000,32500000,2025-02-23,2025-03-02,Short-run (<=4w)
Mercy For None,5,89200000,37900000,2025-06-08,2025-07-06,Mid-run (5-7w)
Midnight at the Pera Palace,3,33870000,14690000,2022-03-06,2024-09-15,Short-run (<=4w)
Midsummer Night,3,23700000,12700000,2024-04-14,2024-04-28,Short-run (<=4w)
Mighty Bheem's Playtime,2,6700000,3900000,2024-02-04,2024-02-11,Short-run (<=4w)
Minerva Academy,1,16900000,16900000,2026-09-27,2026-09-27,Short-run (<=4w)
Mismatched,1,7200000,7200000,2024-12-22,2024-12-22,Short-run (<=4w)
Miss Adrenaline: A Tale of Twins,1,24100000,24100000,2023-09-10,2023-09-10,Short-run (<=4w)
Miss Night and Day,10,160100000,23400000,2024-06-23,2024-08-25,Long-run (>=8w)
Money Heist,14,1185400000,201910000,2021-09-05,2024-01-07,Long-run (>=8w)
Money Heist: Korea - Joint Economic Area,5,133510000,49000000,2022-06-26,2022-12-18,Mid-run (5-7w)
Monique Olivier: Accessory to Evil,1,8720000,8720000,2023-03-05,2023-03-05,Short-run (<=4w)
Moria,2,18900000,10900000,2026-08-16,2026-08-23,Short-run (<=4w)
Motorvalley,2,17200000,10100000,2026-02-15,2026-02-22,Short-run (<=4w)
Mousetrap,3,78200000,41500000,2026-08-30,2026-09-13,Short-run (<=4w)
Mr. Plankton,2,55600000,33300000,2024-11-17,2024-11-24,Short-run (<=4w)
Mr. Queen,6,104920000,32440000,2023-02-19,2023-03-26,Mid-run (5-7w)
Murder Mindfully,3,56100000,20400000,2024-11-03,2026-06-07,Short-run (<=4w)
Musafir Cafe,2,22800000,15600000,2026-08-02,2026-08-09,Short-run (<=4w)
Muted,3,99660000,46520000,2023-05-21,2023-06-04,Short-run (<=4w)
My Daughter's Father,6,146800000,49700000,2026-07-26,2026-08-30,Mid-run (5-7w)
My Demon,11,331100000,44000000,2023-11-26,2024-02-04,Long-run (>=8w)
My Family,1,7100000,7100000,2025-02-23,2025-02-23,Short-run (<=4w)
My Happy Marriage,7,30800000,5600000,2023-07-16,2025-01-26,Mid-run (5-7w)
My Hero Academia,1,7800000,7800000,2024-03-31,2024-03-31,Short-run (<=4w)
My Korean Boyfriend,1,3700000,3700000,2026-01-04,2026-01-04,Short-run (<=4w)
My Liberation Notes,4,47270000,14240000,2022-05-22,2022-06-12,Short-run (<=4w)
My Melody & Kuromi,2,19600000,11800000,2025-07-27,2025-08-03,Short-run (<=4w)
My Name,5,194140000,84530000,2021-10-17,2021-11-14,Mid-run (5-7w)
My Royal Nemesis,8,247500000,42900000,2026-05-10,2026-06-28,Long-run (>=8w)
Narco-Saints,5,130350000,62650000,2022-09-11,2022-10-09,Mid-run (5-7w)
Nevertheless : The Shapes of Love,1,1800000,1800000,2024-12-15,2024-12-15,Short-run (<=4w)
"Nevertheless,",7,59360000,10080000,2021-07-18,2021-10-17,Mid-run (5-7w)
"Newly Rich, Newly Poor",13,201120000,28270000,2021-07-04,2021-09-26,Long-run (>=8w)
Neymar: The Perfect Chaos,1,26340000,26340000,2022-01-30,2022-01-30,Short-run (<=4w)
No One Saw Us Leave,2,52800000,33000000,2025-10-19,2025-10-26,Short-run (<=4w)
No Tail to Tell,5,42300000,11200000,2026-01-18,2026-03-01,Mid-run (5-7w)
Not a Stranger,2,96800000,65700000,2026-09-20,2026-09-27,Short-run (<=4w)
Notes from the Last Row,2,26700000,16300000,2026-06-28,2026-07-05,Short-run (<=4w)
Nothing to See Here,2,14600000,8100000,2023-11-26,2023-12-03,Short-run (<=4w)
Néro the Assassin,3,63600000,31600000,2025-10-12,2025-10-26,Short-run (<=4w)
Oasis,4,79000000,40000000,2026-06-21,2026-07-12,Short-run (<=4w)
Oh My Ghost Clients,2,6700000,4700000,2025-06-01,2025-06-08,Short-run (<=4w)
Oh My Venus,2,17520000,10460000,2022-07-24,2022-07-31,Short-run (<=4w)
"Old Dog, New Tricks",3,40600000,21800000,2025-10-05,2025-10-19,Short-run (<=4w)
Old Money,3,67200000,32800000,2025-10-12,2025-10-26,Short-run (<=4w)
Olympo,5,113300000,44100000,2025-06-22,2025-07-20,Mid-run (5-7w)
Once Upon a Small Town,1,9050000,9050000,2022-11-06,2022-11-06,Short-run (<=4w)
One Hundred Years of Solitude,4,85000000,31100000,2024-12-15,2025-01-05,Short-run (<=4w)
One-Punch Man,3,6900000,2400000,2025-10-26,2025-11-09,Short-run (<=4w)
Onimusha,1,6800000,6800000,2023-11-05,2023-11-05,Short-run (<=4w)
Open Your Eyes,1,8220000,8220000,2021-08-29,2021-08-29,Short-run (<=4w)
Operation Safed Sagar: The Highest Air Force Mission,4,55300000,26700000,2026-08-09,2026-08-30,Short-run (<=4w)
Our Beloved Summer,8,128890000,22730000,2021-12-26,2022-02-13,Long-run (>=8w)
Our Blues,9,105150000,15000000,2022-05-01,2022-06-26,Long-run (>=8w)
Our Sticky Love,5,212100000,88000000,2026-08-09,2026-09-06,Mid-run (5-7w)
Our Unwritten Seoul,6,140600000,30100000,2025-06-01,2025-07-06,Mid-run (5-7w)
"Pablo Escobar, el patrón del mal",8,55530000,8250000,2022-11-20,2023-06-04,Long-run (>=8w)
Pact of Silence,5,212800000,68800000,2023-10-15,2023-11-12,Mid-run (5-7w)
Parasyte: The Grey,4,109100000,49000000,2024-04-07,2024-04-28,Short-run (<=4w)
Pasión de Gavilanes,8,208760000,33390000,2022-04-03,2022-09-11,Long-run (>=8w)
Pedal to Metal,1,8150000,8150000,2022-03-27,2022-03-27,Short-run (<=4w)
Pedro el escamoso,4,37250000,10460000,2022-04-10,2022-05-15,Short-run (<=4w)
Phantom Lawyer,5,60100000,16600000,2026-03-15,2026-04-12,Mid-run (5-7w)
Physical 100: Italy,2,15800000,9900000,2026-09-13,2026-09-20,Short-run (<=4w)
Physical 100: Mexico,2,32200000,16900000,2026-09-20,2026-09-27,Short-run (<=4w)
Physical: 100,6,276630000,45420000,2023-01-29,2024-04-07,Mid-run (5-7w)
Physical: Asia,4,107100000,32500000,2025-11-02,2025-11-23,Short-run (<=4w)
Pinkfong Little Dino School,1,1300000,1300000,2024-11-10,2024-11-10,Short-run (<=4w)
Plastic Beauty,2,67300000,46500000,2026-09-20,2026-09-27,Short-run (<=4w)
Pokémon Concierge,2,6200000,3100000,2023-12-31,2024-01-07,Short-run (<=4w)
Prison Cell 211,2,33200000,19800000,2025-02-09,2025-02-16,Short-run (<=4w)
Pro Bono,2,25400000,17400000,2025-12-14,2026-01-11,Short-run (<=4w)
Project UFO,1,3800000,3800000,2025-04-20,2025-04-20,Short-run (<=4w)
Pursuit of Jade,4,177800000,52100000,2026-03-15,2026-04-05,Short-run (<=4w)
Queen,1,7400000,7400000,2022-07-03,2022-07-03,Short-run (<=4w)
Queen Mantis,2,9100000,6500000,2025-09-07,2025-09-14,Short-run (<=4w)
Queen of Tears,15,653900000,87500000,2024-03-10,2024-06-16,Long-run (>=8w)
Queenmaker,4,99480000,47180000,2023-04-16,2023-05-07,Short-run (<=4w)
Radioactive Emergency,4,87000000,35900000,2026-03-22,2026-04-12,Short-run (<=4w)
Rafa,3,16900000,8100000,2026-05-31,2026-06-14,Short-run (<=4w)
Ragnarok,5,140500000,28800000,2023-08-27,2023-09-24,Mid-run (5-7w)
Raising Voices,6,158900000,65100000,2024-06-02,2024-07-14,Mid-run (5-7w)
Rana Naidu,2,24480000,16410000,2023-03-12,2023-03-19,Short-run (<=4w)
Ranma1/2,3,6900000,2100000,2024-10-13,2025-10-12,Short-run (<=4w)
Raël: The Alien Prophet,2,10200000,6200000,2024-02-11,2024-02-18,Short-run (<=4w)
Ready or Not: Texas,1,3800000,3800000,2026-03-29,2026-03-29,Short-run (<=4w)
"Ready, Set, Love",2,28000000,17500000,2024-02-25,2024-03-03,Short-run (<=4w)
Rebelde,2,81130000,33180000,2022-01-09,2022-08-07,Short-run (<=4w)
Reborn Rich,6,87660000,19440000,2022-11-27,2023-01-01,Mid-run (5-7w)
Record of Ragnarok,4,150010000,33600000,2021-07-04,2025-12-28,Short-run (<=4w)
Remarriage & Desires,4,67850000,31510000,2022-07-17,2022-08-07,Short-run (<=4w)
Replacing Chef Chico,1,6100000,6100000,2023-12-03,2023-12-03,Short-run (<=4w)
Reporting for Duty,1,4400000,4400000,2023-09-17,2023-09-17,Short-run (<=4w)
Represent,1,2600000,2600000,2024-09-08,2024-09-08,Short-run (<=4w)
Resident Playbook,7,139900000,30600000,2025-04-13,2025-05-25,Mid-run (5-7w)
Rhythm + Flow France,3,28520000,7000000,2023-05-28,2026-08-30,Short-run (<=4w)
Rising Impact,1,12000000,6500000,2024-06-30,2024-08-11,Short-run (<=4w)
Rivers of Fate,3,38100000,19000000,2025-08-24,2025-09-07,Short-run (<=4w)
Romance in the House,7,75900000,14500000,2024-08-11,2024-09-22,Mid-run (5-7w)
Romantics Anonymous,2,30300000,16800000,2025-10-19,2025-10-26,Short-run (<=4w)
Ronaldinho: The One and Only,3,28700000,13000000,2026-04-19,2026-05-03,Short-run (<=4w)
Rosario Tijeras (Mexico),2,235100000,71300000,2025-06-22,2026-06-21,Short-run (<=4w)
Rotten Legacy,2,32500000,17800000,2025-05-18,2025-05-25,Short-run (<=4w)
Rough Diamonds,3,52350000,28690000,2023-04-23,2023-05-07,Short-run (<=4w)
Rulers of Fortune,6,147200000,44400000,2025-11-02,2025-12-07,Mid-run (5-7w)
S&X,1,5000000,5000000,2026-08-30,2026-08-30,Short-run (<=4w)
SAKAMOTO DAYS,14,106800000,8100000,2025-01-19,2025-09-07,Long-run (>=8w)
SHAMAN KING,2,21740000,12970000,2021-08-15,2022-06-05,Short-run (<=4w)
SPRIGGAN,1,9120000,9120000,2022-06-26,2022-06-26,Short-run (<=4w)
SPY x FAMILY,2,37300000,16700000,2023-10-15,2025-01-05,Short-run (<=4w)
STEEL BALL RUN JoJo’s Bizarre Adventure,2,5000000,3700000,2026-03-22,2026-03-29,Short-run (<=4w)
Saare Jahan Se Accha: The Silent Guardians,2,15500000,9500000,2025-08-17,2025-08-24,Short-run (<=4w)
Salvador,4,43900000,22000000,2026-02-08,2026-03-01,Short-run (<=4w)
Sanctuary,2,20250000,11250000,2023-05-07,2023-05-14,Short-run (<=4w)
Santita,1,8500000,8500000,2026-05-03,2026-05-03,Short-run (<=4w)
Santo,1,10650000,10650000,2022-09-25,2022-09-25,Short-run (<=4w)
Sara - Woman in the Shadows,3,50900000,33100000,2025-06-08,2025-07-06,Short-run (<=4w)
Secrets We Keep,5,119200000,47500000,2025-05-18,2025-06-15,Mid-run (5-7w)
See You in My 19th Life,5,74600000,18900000,2023-06-25,2023-07-23,Mid-run (5-7w)
Senna,5,91800000,37000000,2024-12-01,2024-12-29,Mid-run (5-7w)
Shahmaran,4,79390000,33960000,2023-01-22,2024-08-18,Short-run (<=4w)
Shaque: Trust No One,1,11800000,11800000,2026-09-27,2026-09-27,Short-run (<=4w)
She,1,9490000,9490000,2022-06-26,2022-06-26,Short-run (<=4w)
She Would Never Know,1,10420000,10420000,2022-07-17,2022-07-17,Short-run (<=4w)
Silent Truth,1,1000000,1000000,2026-01-18,2026-01-18,Short-run (<=4w)
Single Papa,2,17300000,11200000,2025-12-14,2025-12-21,Short-run (<=4w)
Single's Inferno Reunion,2,11300000,5800000,2026-02-15,2026-02-22,Short-run (<=4w)
Single’s Inferno,5,426780000,45100000,2022-01-02,2026-02-15,Mid-run (5-7w)
Sins of Kujo,2,26300000,16400000,2026-04-05,2026-04-12,Short-run (<=4w)
Sintonia,2,157360000,42200000,2021-10-31,2025-02-16,Short-run (<=4w)
Sisters' Feud,4,157500000,63300000,2024-11-17,2024-12-08,Short-run (<=4w)
Sky High: The Series,3,55610000,27800000,2023-03-19,2023-04-02,Short-run (<=4w)
Sky Rojo,2,61300000,19070000,2021-07-25,2023-01-22,Short-run (<=4w)
Sleeping Dog,3,49600000,22800000,2023-06-25,2023-07-09,Short-run (<=4w)
Smother-in-Law,1,11070000,11070000,2022-04-17,2022-04-17,Short-run (<=4w)
Sold Out on You,7,141600000,28500000,2026-04-26,2026-06-07,Mid-run (5-7w)
Somebody,1,9940000,9940000,2022-11-27,2022-11-27,Short-run (<=4w)
Someone Has to Know,1,12800000,12800000,2026-04-19,2026-04-19,Short-run (<=4w)
Somos.,2,20930000,11510000,2021-07-04,2021-07-11,Short-run (<=4w)
Song of the Bandits,3,46200000,22700000,2023-09-24,2023-10-08,Short-run (<=4w)
Spooky in Love,8,174000000,33900000,2026-07-19,2026-09-06,Long-run (>=8w)
Squid Game,32,5048300000,571760000,2021-09-19,2025-08-24,Long-run (>=8w)
Starto Countdown 2025→2026,1,2400000,2400000,2026-01-11,2026-01-11,Short-run (<=4w)
Still Shining,2,8600000,5300000,2026-03-08,2026-03-15,Short-run (<=4w)
Stolen Heartbeats,1,3400000,3400000,2026-09-13,2026-09-13,Short-run (<=4w)
Straight to Hell,3,60100000,27500000,2026-05-03,2026-05-17,Short-run (<=4w)
Stranded with my Mother-in-Law,2,27300000,11500000,2023-10-15,2025-12-07,Short-run (<=4w)
Strong Girl Nam-soon,9,174400000,24500000,2023-10-08,2023-12-03,Long-run (>=8w)
Subteran,2,27700000,16500000,2025-01-12,2025-01-19,Short-run (<=4w)
Suburræterna,2,22800000,15400000,2023-11-19,2023-11-26,Short-run (<=4w)
Summer Heat,1,11470000,11470000,2022-01-30,2022-01-30,Short-run (<=4w)
Summer ’36,2,17800000,11000000,2026-07-05,2026-07-12,Short-run (<=4w)
Super Rich in Korea,1,3300000,3300000,2024-05-12,2024-05-12,Short-run (<=4w)
Supersex,2,33200000,19200000,2024-03-10,2024-03-17,Short-run (<=4w)
Sweet Home,3,123400000,37100000,2023-12-03,2024-08-04,Short-run (<=4w)
THE DAYS,3,54260000,25080000,2023-06-04,2023-06-18,Short-run (<=4w)
Taskaree: The Smuggler's Web,4,65300000,29400000,2026-01-18,2026-02-08,Short-run (<=4w)
Tastefully Yours,6,128000000,30600000,2025-05-18,2025-06-22,Mid-run (5-7w)
Taxi Driver,1,5000000,5000000,2025-11-30,2025-11-30,Short-run (<=4w)
Teach You a Lesson,10,673900000,225800000,2026-06-07,2026-08-23,Long-run (>=8w)
Terminator Zero,2,11500000,6400000,2024-09-01,2024-09-08,Short-run (<=4w)
Terror Tuesday: Extreme,1,9500000,9500000,2024-08-25,2024-08-25,Short-run (<=4w)
Thai Cave Rescue,2,34640000,21230000,2022-09-25,2022-10-02,Short-run (<=4w)
"Thank You, Next",5,127700000,29900000,2024-05-12,2026-05-17,Mid-run (5-7w)
That Night,3,40100000,18100000,2026-03-15,2026-03-29,Short-run (<=4w)
The 7 Lives of Lea,2,23510000,12280000,2022-05-01,2022-05-08,Short-run (<=4w)
The 8 Show,5,80700000,33200000,2024-05-19,2024-06-16,Mid-run (5-7w)
The Accident,7,325600000,87900000,2024-08-25,2026-01-04,Mid-run (5-7w)
The Apartment Job,5,51200000,14400000,2026-07-12,2026-08-23,Mid-run (5-7w)
The Apothecary Diaries,1,11900000,11900000,2025-04-06,2025-04-06,Short-run (<=4w)
The Art of Sarah,4,120100000,59400000,2026-02-15,2026-03-08,Short-run (<=4w)
The Asset,4,97100000,53700000,2025-11-02,2025-11-23,Short-run (<=4w)
The Asunta Case,6,154700000,64700000,2024-04-28,2024-06-02,Mid-run (5-7w)
The Atypical Family,7,101100000,20300000,2024-05-12,2024-06-23,Mid-run (5-7w)
The Ba***ds of Bollywood,3,39000000,16900000,2025-09-21,2025-10-05,Short-run (<=4w)
The Bequeathed,3,32100000,14500000,2024-01-21,2024-02-04,Short-run (<=4w)
"The Billionaire, The Butler, and the Boyfriend",2,14800000,9500000,2023-11-12,2023-11-19,Short-run (<=4w)
The Boyfriend,1,2000000,2000000,2024-07-14,2024-07-14,Short-run (<=4w)
The Breakthrough,4,59900000,28000000,2025-01-12,2025-02-02,Short-run (<=4w)
The Cage,4,83600000,37100000,2024-11-10,2024-12-01,Short-run (<=4w)
The Chestnut Man,7,166810000,31380000,2021-10-03,2026-05-31,Mid-run (5-7w)
The Chosen One,2,30400000,17200000,2023-08-20,2023-08-27,Short-run (<=4w)
The Club,1,7860000,7860000,2021-11-14,2021-11-14,Short-run (<=4w)
The Cook of Castamar,8,173470000,51570000,2021-07-11,2021-08-29,Long-run (>=8w)
The Crystal Cuckoo,4,59800000,26600000,2025-11-16,2025-12-07,Short-run (<=4w)
The Dead Girls,3,57100000,26800000,2025-09-14,2025-09-28,Short-run (<=4w)
The Devil's Plan,2,35000000,14700000,2023-10-01,2025-05-11,Short-run (<=4w)
The Doll,2,33200000,16900000,2026-09-20,2026-09-27,Short-run (<=4w)
The Early Spring,4,145600000,48100000,2026-08-30,2026-09-20,Short-run (<=4w)
The East Palace,4,119000000,55200000,2026-07-19,2026-08-09,Short-run (<=4w)
The Empress,8,292800000,59430000,2022-10-02,2024-12-22,Long-run (>=8w)
The Endless Night,2,43280000,28330000,2023-01-29,2023-02-05,Short-run (<=4w)
The Envoys,2,15300000,8700000,2024-10-20,2024-10-27,Short-run (<=4w)
The Eternaut,5,147400000,58300000,2025-05-04,2025-06-01,Mid-run (5-7w)
The Evil Lawyer,2,30100000,18600000,2026-06-14,2026-06-21,Short-run (<=4w)
The Fame Game,1,11610000,11610000,2022-03-06,2022-03-06,Short-run (<=4w)
The Final Problem,1,7900000,7900000,2026-09-27,2026-09-27,Short-run (<=4w)
The Five Juanas,6,177850000,62890000,2021-10-10,2021-11-14,Mid-run (5-7w)
The Fragrant Flower Blooms With Dignity,4,13200000,4000000,2025-09-07,2025-09-28,Short-run (<=4w)
The Frog,3,56100000,29500000,2024-08-25,2024-09-08,Short-run (<=4w)
The Gardener,5,137000000,57300000,2025-04-13,2025-05-11,Mid-run (5-7w)
The Girl from Oslo,2,37240000,19780000,2021-12-26,2022-01-02,Short-run (<=4w)
The Girl in the Mirror,2,24560000,16640000,2022-08-21,2022-08-28,Short-run (<=4w)
The Glass Dome,4,79800000,42600000,2025-04-20,2025-05-11,Short-run (<=4w)
The Glory,13,560990000,124460000,2023-01-01,2023-04-30,Long-run (>=8w)
The Golden Hour,2,22500000,12200000,2023-12-24,2023-12-31,Short-run (<=4w)
The Good Bad Mother,7,122850000,26060000,2023-05-07,2023-06-18,Mid-run (5-7w)
The Great Indian Kapil Show,5,48500000,5400000,2024-03-31,2025-12-28,Mid-run (5-7w)
The Great Robbery of Brazil's Central Bank,1,10880000,10880000,2022-03-20,2022-03-20,Short-run (<=4w)
The Grimm Variations,1,4600000,4600000,2024-04-21,2024-04-21,Short-run (<=4w)
The Gringo Hunters,1,16800000,16800000,2025-07-13,2025-07-13,Short-run (<=4w)
The Guest,4,125300000,41900000,2025-09-28,2025-10-19,Short-run (<=4w)
The Haunted Palace,1,5800000,5800000,2025-04-27,2025-04-27,Short-run (<=4w)
The Helicopter Heist,2,29300000,16500000,2024-11-24,2024-12-01,Short-run (<=4w)
The Hijacking of Flight 601,3,41500000,18100000,2024-04-14,2024-04-28,Short-run (<=4w)
The Hooligan,1,13600000,13600000,2025-02-02,2025-02-02,Short-run (<=4w)
The Influencer,2,13700000,8200000,2024-08-11,2024-08-18,Short-run (<=4w)
The Interest of Love,2,23340000,12390000,2023-02-05,2023-02-12,Short-run (<=4w)
The King's Affection,10,138540000,18120000,2021-10-24,2021-12-26,Long-run (>=8w)
The Lady's Companion,4,63000000,27600000,2025-03-30,2025-04-20,Short-run (<=4w)
The Last Hours of Mario Biondo,1,3300000,3300000,2023-08-13,2023-08-13,Short-run (<=4w)
The Law According to Lidia Poët,3,110890000,28250000,2023-02-19,2026-04-26,Short-run (<=4w)
The Leopard,2,36300000,19800000,2025-03-09,2025-03-16,Short-run (<=4w)
The Life You Wanted,2,13900000,7500000,2024-06-02,2024-06-09,Short-run (<=4w)
The Longest Night,3,45360000,24200000,2022-07-10,2022-07-24,Short-run (<=4w)
The Lørenskog Disappearance,1,16040000,16040000,2022-09-18,2022-09-18,Short-run (<=4w)
The Manny,5,132600000,47000000,2023-12-31,2025-01-05,Mid-run (5-7w)
The Many Deaths of Nora Dalmasso,2,10500000,6700000,2025-06-22,2025-06-29,Short-run (<=4w)
The Map of Longing,2,21600000,14900000,2026-07-19,2026-07-26,Short-run (<=4w)
The Marked Heart,13,526450000,85260000,2022-04-24,2023-05-28,Long-run (>=8w)
The Mire,1,5400000,5400000,2024-03-03,2024-03-03,Short-run (<=4w)
The Monster of Florence,2,52000000,38300000,2025-10-26,2025-11-02,Short-run (<=4w)
The Museum of Innocence,2,40300000,29100000,2026-02-22,2026-03-01,Short-run (<=4w)
The Nurse,3,57050000,28630000,2023-04-30,2023-05-14,Short-run (<=4w)
The Outreau Case: A French Nightmare,2,10000000,5600000,2024-03-17,2024-03-24,Short-run (<=4w)
The Perfect Lie,3,83300000,42700000,2026-09-13,2026-09-27,Short-run (<=4w)
The Perfect Mother,2,28240000,16150000,2022-06-05,2022-06-12,Short-run (<=4w)
The Playing Card Killer,1,3300000,3300000,2023-06-18,2023-06-18,Short-run (<=4w)
The Playlist,1,10920000,10920000,2022-10-23,2022-10-23,Short-run (<=4w)
The Polygamist,7,266600000,74300000,2026-06-14,2026-07-26,Mid-run (5-7w)
The Potato Lab,4,51000000,17700000,2025-03-09,2025-04-06,Short-run (<=4w)
The Price of Confession,4,127500000,59600000,2025-12-07,2025-12-28,Short-run (<=4w)
The Queen of Flow,16,622930000,69030000,2021-11-21,2026-01-25,Long-run (>=8w)
The Railway Men - The Untold Story Of Bhopal 1984,3,32600000,18100000,2023-11-19,2023-12-03,Short-run (<=4w)
The Rising of the Shield Hero,1,8900000,8900000,2024-07-14,2024-07-14,Short-run (<=4w)
The Royals,4,72300000,33000000,2025-05-11,2025-06-01,Short-run (<=4w)
The Scandal,2,36400000,21900000,2026-09-20,2026-09-27,Short-run (<=4w)
The Secret of the Greco Family,1,14200000,14200000,2022-11-13,2022-11-13,Short-run (<=4w)
The Secret of the River,3,64500000,29500000,2024-10-13,2024-10-27,Short-run (<=4w)
The Seven Deadly Sins,4,70790000,33240000,2021-07-04,2021-10-03,Short-run (<=4w)
The Seven Deadly Sins: Four Knights of the Apocalypse,2,27100000,9400000,2024-02-04,2025-02-02,Short-run (<=4w)
The Signal,4,64200000,28700000,2024-03-10,2024-03-31,Short-run (<=4w)
The Silent Sea,3,89770000,47830000,2021-12-26,2022-01-09,Short-run (<=4w)
The Snitch Cartel: Origins,6,112140000,26880000,2021-08-01,2021-09-05,Mid-run (5-7w)
The Snow Girl,3,124780000,50240000,2023-01-29,2025-02-09,Short-run (<=4w)
The Sound of Magic,2,26570000,16930000,2022-05-08,2022-05-15,Short-run (<=4w)
The Summer Hikaru Died,2,3100000,1600000,2025-07-13,2025-07-20,Short-run (<=4w)
The Surrogacy,6,265100000,80500000,2023-06-18,2023-07-23,Mid-run (5-7w)
The Tailor,5,164100000,26140000,2023-05-07,2023-11-19,Mid-run (5-7w)
The Tale of Lady Ok,2,10700000,6300000,2024-12-08,2024-12-15,Short-run (<=4w)
The TikTok Killer,2,12400000,6500000,2026-03-08,2026-03-15,Short-run (<=4w)
The Trauma Code: Heroes on Call,5,184500000,82700000,2025-01-26,2025-02-23,Mid-run (5-7w)
The Trunk,3,66700000,34400000,2024-12-01,2024-12-15,Short-run (<=4w)
The Turkish Passion,1,7400000,7400000,2024-07-07,2024-07-07,Short-run (<=4w)
The Unbroken Voice,6,118030000,28110000,2022-11-27,2023-01-01,Mid-run (5-7w)
The Uncanny Counter,4,50000000,15200000,2023-08-06,2023-09-03,Short-run (<=4w)
The WONDERfools,5,170800000,74800000,2026-05-17,2026-06-14,Mid-run (5-7w)
The War Next-door,3,55920000,14360000,2021-07-11,2022-06-26,Short-run (<=4w)
The Whirlwind,1,16200000,16200000,2024-07-07,2024-07-07,Short-run (<=4w)
The Yara Gambirasio Case: Beyond Reasonable Doubt,3,24500000,11000000,2024-07-21,2024-08-04,Short-run (<=4w)
The Åre Murders,4,93600000,38700000,2025-02-09,2025-03-02,Short-run (<=4w)
Thicker Than Water,2,22280000,14780000,2023-04-09,2023-04-16,Short-run (<=4w)
Thirty-Nine,5,52650000,13510000,2022-03-06,2022-04-10,Mid-run (5-7w)
Three Idiots in Kenya,2,14600000,7900000,2025-11-30,2025-12-07,Short-run (<=4w)
Thursday's Widows,4,44600000,16400000,2023-09-17,2023-10-08,Short-run (<=4w)
Til Money Do Us Part,12,343770000,52230000,2022-10-23,2023-02-12,Long-run (>=8w)
"To Love, To Lose",2,25500000,13100000,2026-01-18,2026-01-25,Short-run (<=4w)
Tokyo Swindlers,5,41900000,11900000,2024-07-28,2024-08-25,Mid-run (5-7w)
Tomorrow,3,32800000,11990000,2022-05-15,2022-05-29,Short-run (<=4w)
Too Hot to Handle: Brazil,3,31150000,14230000,2021-07-25,2021-08-08,Short-run (<=4w)
Too Hot to Handle: Germany,2,24240000,14270000,2023-03-05,2023-03-12,Short-run (<=4w)
Toriko X One Piece Collaboration Special,1,2600000,2600000,2026-04-05,2026-04-05,Short-run (<=4w)
Tougen Anki,3,6200000,2700000,2025-07-20,2025-08-10,Short-run (<=4w)
Tour de France: Unchained,2,24900000,8200000,2023-06-18,2025-07-06,Short-run (<=4w)
Toy Boy,3,104840000,23810000,2022-02-13,2022-02-27,Short-run (<=4w)
Tribhuvan Mishra CA Topper,1,10500000,10500000,2024-07-28,2024-07-28,Short-run (<=4w)
Trigger,4,91200000,39600000,2025-07-27,2025-08-17,Short-run (<=4w)
Triptych,4,113170000,50730000,2023-02-26,2023-03-19,Short-run (<=4w)
True Beauty,7,241850000,63500000,2023-02-12,2024-01-14,Mid-run (5-7w)
Tuiskoms,2,19500000,12500000,2025-03-02,2025-03-09,Short-run (<=4w)
Turn of the Tide,2,19890000,12050000,2023-06-04,2023-06-11,Short-run (<=4w)
Twenty Five Twenty One,10,171610000,26210000,2022-02-27,2022-05-01,Long-run (>=8w)
Two Graves,4,55100000,22600000,2025-08-31,2025-09-21,Short-run (<=4w)
Two Summers,1,12210000,12210000,2022-06-12,2022-06-12,Short-run (<=4w)
Typhoon Family,4,56200000,17100000,2025-10-19,2025-11-09,Short-run (<=4w)
Umthetho,2,27400000,18500000,2026-08-16,2026-08-23,Short-run (<=4w)
Under Fire,1,8620000,8620000,2022-09-04,2022-09-04,Short-run (<=4w)
Under a Dark Sun,3,66400000,28300000,2025-07-13,2025-07-27,Short-run (<=4w)
Under the Queen's Umbrella,8,110460000,19470000,2022-10-30,2022-12-18,Long-run (>=8w)
Undercover,1,28900000,16830000,2022-01-16,2022-01-16,Short-run (<=4w)
Undercover Miss Hong,5,70000000,18200000,2026-01-25,2026-03-08,Mid-run (5-7w)
Unfamiliar,6,126200000,54600000,2026-02-08,2026-03-15,Mid-run (5-7w)
Unspeakable Sins,6,216300000,68800000,2025-08-03,2025-09-07,Mid-run (5-7w)
Until You Burn,1,44400000,44400000,2025-04-06,2025-04-06,Short-run (<=4w)
Valeria,4,98120000,16130000,2021-08-15,2025-03-02,Short-run (<=4w)
Valle Salvaje,1,7900000,7900000,2024-12-08,2024-12-08,Short-run (<=4w)
Vatican Girl: The Disappearance of Emanuela Orlandi,2,22220000,11580000,2022-10-23,2022-10-30,Short-run (<=4w)
Viral Hit,2,22100000,13800000,2026-06-14,2026-06-21,Short-run (<=4w)
War Sailor,1,13640000,13640000,2023-04-09,2023-04-09,Short-run (<=4w)
We Were Kings,2,10600000,5800000,2024-09-29,2024-10-06,Short-run (<=4w)
Weak Hero,6,185400000,36800000,2025-03-30,2025-05-11,Mid-run (5-7w)
Welcome to Eden,7,254460000,62490000,2022-05-08,2023-05-21,Mid-run (5-7w)
Welcome to Samdal-ri,8,150200000,26600000,2023-12-10,2024-02-04,Long-run (>=8w)
Welcome to the Family,2,19400000,11800000,2025-03-16,2025-03-23,Short-run (<=4w)
When Life Gives You Tangerines,9,481600000,99400000,2025-03-09,2025-05-04,Long-run (>=8w)
When the Phone Rings,8,282300000,62000000,2024-11-24,2025-01-12,Long-run (>=8w)
When the Stars Gossip,1,10800000,10800000,2025-01-12,2025-01-12,Short-run (<=4w)
Where is Marta?,1,8640000,8640000,2021-11-14,2021-11-14,Short-run (<=4w)
Who Killed Sara?,4,143610000,46590000,2022-05-22,2022-06-12,Short-run (<=4w)
Who Were We Running From?,4,75090000,35890000,2023-03-26,2023-04-16,Short-run (<=4w)
Woman of the Dead,5,91020000,28690000,2023-01-08,2025-03-30,Mid-run (5-7w)
Women at War,3,66040000,30280000,2023-01-22,2023-02-05,Short-run (<=4w)
Wrath,3,34700000,17500000,2026-08-02,2026-08-16,Short-run (<=4w)
Wrong Side of the Tracks,10,522450000,61620000,2022-05-22,2025-02-23,Long-run (>=8w)
Yakamoz S-245,2,35060000,22060000,2022-04-24,2022-05-01,Short-run (<=4w)
Yeh Kaali Kaali Ankhein,1,11260000,11260000,2022-01-23,2022-01-23,Short-run (<=4w)
"Yo soy Betty, la fea",30,297560000,12570000,2021-08-29,2022-07-10,Long-run (>=8w)
You and Everything Else,1,25100000,25100000,2025-09-21,2025-09-21,Short-run (<=4w)
Young Lady and Gentleman,8,108210000,21480000,2022-08-28,2022-10-16,Long-run (>=8w)
Young Millionaires,3,30600000,15400000,2025-08-17,2025-08-31,Short-run (<=4w)
Young Royals,2,54270000,18860000,2021-07-11,2024-03-24,Short-run (<=4w)
Yu Yu Hakusho,4,75600000,32100000,2023-12-17,2024-01-07,Short-run (<=4w)
Zom 100: Bucket List of the Dead,4,7800000,2500000,2023-07-16,2023-08-06,Short-run (<=4w)
Zombieverse,1,14300000,14300000,2023-08-13,2023-08-13,Short-run (<=4w)
Ángel Di María: Breaking Down the Wall,2,8400000,4600000,2024-09-15,2024-09-22,Short-run (<=4w)
Ángela,7,132000000,34800000,2025-07-06,2025-10-12,Mid-run (5-7w)
Òlòtūré: The Journey,1,3200000,3200000,2024-07-07,2024-07-07,Short-run (<=4w)
【OSHI NO KO】,1,800000,800000,2024-07-14,2024-07-14,Short-run (<=4w)
