week,category,weekly_rank,show_title,season_title,weekly_hours_viewed,runtime,weekly_views,cumulative_weeks_in_top_10,normalized_pct,relative_week_from_peak,weeks_since_peak
2021-10-03,TV (Non-English),1,Squid Game,Squid Game: Season 1,571760000,,,3,100.0,0,0
2021-10-10,TV (Non-English),1,Squid Game,Squid Game: Season 1,412940000,,,4,72.2226108856863,1,1
2021-10-17,TV (Non-English),1,Squid Game,Squid Game: Season 1,258840000,,,5,45.270742969077936,2,2
2021-10-24,TV (Non-English),1,Squid Game,Squid Game: Season 1,147560000,,,6,25.808031341821742,3,3
2021-10-31,TV (Non-English),1,Squid Game,Squid Game: Season 1,90100000,,,7,15.758360151112354,4,4
2021-11-07,TV (Non-English),1,Squid Game,Squid Game: Season 1,65000000,,,8,11.368406324331888,5,5
2021-11-14,TV (Non-English),1,Squid Game,Squid Game: Season 1,42790000,,,9,7.483909332587099,6,6
2021-11-21,TV (Non-English),3,Squid Game,Squid Game: Season 1,30410000,,,10,5.318665174198965,7,7
2021-11-28,TV (Non-English),3,Squid Game,Squid Game: Season 1,25730000,,,11,4.5001399188470685,8,8
2021-12-05,TV (Non-English),4,Squid Game,Squid Game: Season 1,21200000,,,12,3.707849447320554,9,9
2021-12-12,TV (Non-English),4,Squid Game,Squid Game: Season 1,18170000,,,13,3.1779068140478524,10,10
2021-12-19,TV (Non-English),4,Squid Game,Squid Game: Season 1,15430000,,,14,2.6986847628375545,11,11
2021-12-26,TV (Non-English),5,Squid Game,Squid Game: Season 1,15100000,,,15,2.6409682384217157,12,12
2022-01-02,TV (Non-English),6,Squid Game,Squid Game: Season 1,18110000,,,16,3.1674129005177,13,13
2022-01-09,TV (Non-English),8,Squid Game,Squid Game: Season 1,14980000,,,17,2.6199804113614102,14,14
2022-01-16,TV (Non-English),10,Squid Game,Squid Game: Season 1,11780000,,,18,2.06030502308661,15,15
2022-01-23,TV (Non-English),8,Squid Game,Squid Game: Season 1,10200000,,,19,1.783965300125927,16,16
2022-06-19,TV (Non-English),10,Squid Game,Squid Game: Season 1,7480000,,,20,1.3082412200923466,17,17
2023-11-26,TV (Non-English),6,Squid Game,Squid Game: Season 1,13300000,8.3167,1600000.0,21,2.32615083251714,18,18
2023-12-03,TV (Non-English),7,Squid Game,Squid Game: Season 1,12700000,8.3167,1500000.0,22,2.221211697215615,19,19
2024-12-22,TV (Non-English),8,Squid Game,Squid Game: Season 1,12400000,8.3167,1500000.0,23,2.1687421295648526,20,20
2024-12-29,TV (Non-English),1,Squid Game,Squid Game: Season 2,487600000,7.1667,68000000.0,1,85.28053728837276,21,21
2024-12-29,TV (Non-English),3,Squid Game,Squid Game: Season 1,67100000,8.3167,8100000.0,24,11.735693297887225,22,22
2025-01-05,TV (Non-English),1,Squid Game,Squid Game: Season 2,417100000,7.1667,58200000.0,2,72.95018889044354,23,23
2025-01-05,TV (Non-English),2,Squid Game,Squid Game: Season 1,112700000,8.3167,13600000.0,25,19.711067580803135,24,24
2025-01-12,TV (Non-English),3,Squid Game,Squid Game: Season 1,72600000,8.3167,8700000.0,26,12.69763537148454,25,25
2025-01-12,TV (Non-English),1,Squid Game,Squid Game: Season 2,188300000,7.1667,26300000.0,3,32.933398628795295,26,26
2025-01-19,TV (Non-English),1,Squid Game,Squid Game: Season 2,94800000,7.1667,13200000.0,4,16.580383377640967,27,27
2025-01-19,TV (Non-English),5,Squid Game,Squid Game: Season 1,41500000,8.3167,5000000.0,27,7.258290191688821,28,28
2025-01-26,TV (Non-English),1,Squid Game,Squid Game: Season 2,56700000,7.1667,7900000.0,5,9.916748285994123,29,29
2025-01-26,TV (Non-English),6,Squid Game,Squid Game: Season 1,25600000,8.3167,3100000.0,28,4.4774031061984045,30,30
2025-02-02,TV (Non-English),2,Squid Game,Squid Game: Season 2,37400000,7.1667,5200000.0,6,6.541206100461733,31,31
2025-02-02,TV (Non-English),5,Squid Game,Squid Game: Season 1,17300000,8.3167,2100000.0,29,3.025745067860641,32,32
2025-02-09,TV (Non-English),7,Squid Game,Squid Game: Season 2,26100000,7.1667,3600000.0,7,4.5648523856163425,33,33
2025-02-16,TV (Non-English),8,Squid Game,Squid Game: Season 2,19200000,7.1667,2700000.0,8,3.3580523296488036,34,34
2025-02-23,TV (Non-English),7,Squid Game,Squid Game: Season 2,15000000,7.1667,2100000.0,9,2.623478382538128,35,35
2025-03-02,TV (Non-English),5,Squid Game,Squid Game: Season 2,11100000,7.1667,1500000.0,10,1.9413740030782147,36,36
2025-06-29,TV (Non-English),3,Squid Game,Squid Game: Season 2,20300000,7.1667,2800000.0,11,3.550440744368266,37,37
2025-06-29,TV (Non-English),6,Squid Game,Squid Game: Season 1,14300000,8.3167,1700000.0,30,2.5010493913530154,38,38
2025-06-29,TV (Non-English),1,Squid Game,Squid Game: Season 3,368400000,6.1333,60100000.0,1,64.43262907513642,39,39
2025-07-06,TV (Non-English),1,Squid Game,Squid Game: Season 3,283800000,6.1333,46300000.0,2,49.636210997621376,40,40
2025-07-06,TV (Non-English),2,Squid Game,Squid Game: Season 2,35100000,7.1667,4900000.0,12,6.138939415139219,41,41
2025-07-06,TV (Non-English),3,Squid Game,Squid Game: Season 1,31300000,8.3167,3800000.0,31,5.474324891562894,42,42
2025-07-13,TV (Non-English),1,Squid Game,Squid Game: Season 3,97400000,6.1333,15900000.0,3,17.035119630614243,43,43
2025-07-13,TV (Non-English),5,Squid Game,Squid Game: Season 2,23100000,7.1667,3200000.0,13,4.040156709108717,44,44
2025-07-13,TV (Non-English),7,Squid Game,Squid Game: Season 1,19100000,8.3167,2300000.0,32,3.340562473765216,45,45
2025-07-20,TV (Non-English),1,Squid Game,Squid Game: Season 3,47900000,6.1333,7800000.0,4,8.377640968238422,46,46
2025-07-20,TV (Non-English),6,Squid Game,Squid Game: Season 2,13700000,7.1667,1900000.0,14,2.39611025605149,47,47
2025-07-27,TV (Non-English),1,Squid Game,Squid Game: Season 3,28500000,6.1333,4600000.0,5,4.984608926822443,48,48
2025-08-03,TV (Non-English),3,Squid Game,Squid Game: Season 3,17800000,6.1333,2900000.0,6,3.1131943472785784,49,49
2025-08-10,TV (Non-English),6,Squid Game,Squid Game: Season 3,12500000,6.1333,2000000.0,7,2.18623198544844,50,50
2025-08-17,TV (Non-English),7,Squid Game,Squid Game: Season 3,9600000,6.1333,1600000.0,8,1.6790261648244018,51,51
2025-08-24,TV (Non-English),10,Squid Game,Squid Game: Season 3,7500000,6.1333,1200000.0,9,1.311739191269064,52,52
2021-09-05,TV (Non-English),1,Money Heist,Money Heist: Part 5,201910000,,,1,100.0,0,0
2021-09-05,TV (Non-English),2,Money Heist,Money Heist: Part 1,22710000,,,1,11.247585557921846,1,1
2021-09-05,TV (Non-English),4,Money Heist,Money Heist: Part 4,14870000,,,1,7.364667426080927,2,2
2021-09-05,TV (Non-English),10,Money Heist,Money Heist: Part 3,7070000,,,1,3.5015601010351145,3,3
2021-09-12,TV (Non-English),1,Money Heist,Money Heist: Part 5,123170000,,,2,61.0024268238324,4,4
2021-09-12,TV (Non-English),2,Money Heist,Money Heist: Part 1,38030000,,,2,18.835124560447724,5,5
2021-09-12,TV (Non-English),3,Money Heist,Money Heist: Part 2,16720000,,,1,8.280917240354615,6,6
2021-09-12,TV (Non-English),4,Money Heist,Money Heist: Part 4,16720000,,,2,8.280917240354615,7,7
2021-09-12,TV (Non-English),6,Money Heist,Money Heist: Part 3,14410000,,,2,7.136843147937199,8,8
2021-09-19,TV (Non-English),2,Money Heist,Money Heist: Part 5,39910000,,,3,19.76623247981774,9,9
2021-09-19,TV (Non-English),3,Money Heist,Money Heist: Part 1,19340000,,,3,9.578525085434105,10,10
2021-09-19,TV (Non-English),6,Money Heist,Money Heist: Part 4,12270000,,,3,6.076964984398989,11,11
2021-09-19,TV (Non-English),7,Money Heist,Money Heist: Part 2,11940000,,,2,5.913525828339359,12,12
2021-09-19,TV (Non-English),8,Money Heist,Money Heist: Part 3,11490000,,,3,5.690654251894409,13,13
2021-09-26,TV (Non-English),6,Money Heist,Money Heist: Part 1,12150000,,,4,6.01753256401367,14,14
2021-09-26,TV (Non-English),9,Money Heist,Money Heist: Part 4,8680000,,,4,4.298945074538161,15,15
2021-09-26,TV (Non-English),3,Money Heist,Money Heist: Part 5,21830000,,,4,10.811747808429498,16,16
2021-10-03,TV (Non-English),7,Money Heist,Money Heist: Part 5,14250000,,,5,7.057599920756773,17,17
2021-10-03,TV (Non-English),10,Money Heist,Money Heist: Part 1,9370000,,,5,4.640681491753751,18,18
2021-10-10,TV (Non-English),9,Money Heist,Money Heist: Part 5,9730000,,,6,4.818978752909713,19,19
2021-12-05,TV (Non-English),1,Money Heist,Money Heist: Part 5,189920000,,,7,94.06171066316675,20,20
2021-12-12,TV (Non-English),1,Money Heist,Money Heist: Part 5,147950000,,,8,73.27522163340102,21,21
2021-12-12,TV (Non-English),3,Money Heist,Money Heist: Part 1,19870000,,,6,9.841018275469269,22,22
2021-12-12,TV (Non-English),10,Money Heist,Money Heist: Part 2,8170000,,,3,4.04635728790055,23,23
2021-12-19,TV (Non-English),1,Money Heist,Money Heist: Part 5,55010000,,,9,27.24481204497053,24,24
2021-12-19,TV (Non-English),6,Money Heist,Money Heist: Part 1,12590000,,,7,6.235451438759843,25,25
2021-12-26,TV (Non-English),1,Money Heist,Money Heist: Part 5,33470000,,,10,16.576692585805556,26,26
2022-01-02,TV (Non-English),3,Money Heist,Money Heist: Part 5,26310000,,,11,13.030558169481452,27,27
2022-01-09,TV (Non-English),6,Money Heist,Money Heist: Part 5,18770000,,,12,9.296221088603833,28,28
2022-01-16,TV (Non-English),7,Money Heist,Money Heist: Part 5,13000000,,,13,6.438512208409687,29,29
2022-01-23,TV (Non-English),9,Money Heist,Money Heist: Part 5,10000000,,,14,4.952701698776683,30,30
2022-07-03,TV (Non-English),9,Money Heist,Money Heist: Part 1,8570000,,,8,4.2444653558516166,31,31
2024-01-07,TV (Non-English),10,Money Heist,Money Heist: Part 1,15200000,0.0,1500000.0,9,7.528106582140557,32,32
2022-08-21,TV (Non-English),1,Extraordinary Attorney Woo,Extraordinary Attorney Woo: Season 1,77430000,,,7,100.0,0,0
2022-08-28,TV (Non-English),1,Extraordinary Attorney Woo,Extraordinary Attorney Woo: Season 1,53890000,,,8,69.59834689396874,1,1
2022-09-04,TV (Non-English),1,Extraordinary Attorney Woo,Extraordinary Attorney Woo: Season 1,48820000,,,9,63.050497223298464,2,2
2022-09-11,TV (Non-English),1,Extraordinary Attorney Woo,Extraordinary Attorney Woo: Season 1,31640000,,,10,40.8627147100607,3,3
2022-09-18,TV (Non-English),4,Extraordinary Attorney Woo,Extraordinary Attorney Woo: Season 1,21970000,,,11,28.374015239571225,4,4
2022-09-25,TV (Non-English),4,Extraordinary Attorney Woo,Extraordinary Attorney Woo: Season 1,16890000,,,12,21.81325067803177,5,5
2022-10-02,TV (Non-English),5,Extraordinary Attorney Woo,Extraordinary Attorney Woo: Season 1,13370000,,,13,17.26720909208317,6,6
2022-10-09,TV (Non-English),5,Extraordinary Attorney Woo,Extraordinary Attorney Woo: Season 1,12220000,,,14,15.781996642128373,7,7
2022-10-16,TV (Non-English),4,Extraordinary Attorney Woo,Extraordinary Attorney Woo: Season 1,12150000,,,15,15.691592406044169,8,8
2022-10-23,TV (Non-English),8,Extraordinary Attorney Woo,Extraordinary Attorney Woo: Season 1,10490000,,,16,13.547720521761592,9,9
2022-10-30,TV (Non-English),9,Extraordinary Attorney Woo,Extraordinary Attorney Woo: Season 1,8990000,,,17,11.610486891385769,10,10
2022-11-06,TV (Non-English),9,Extraordinary Attorney Woo,Extraordinary Attorney Woo: Season 1,8370000,,,18,10.809763657497093,11,11
2022-11-13,TV (Non-English),8,Extraordinary Attorney Woo,Extraordinary Attorney Woo: Season 1,6980000,,,19,9.014593826682164,12,12
2022-11-20,TV (Non-English),7,Extraordinary Attorney Woo,Extraordinary Attorney Woo: Season 1,6780000,,,20,8.75629600929872,13,13
2022-12-04,TV (Non-English),10,Extraordinary Attorney Woo,Extraordinary Attorney Woo: Season 1,5500000,,,21,7.103189978044686,14,14
